FECHA;TIPO DE MINERAL;TMH;TMS;%Cu;Au g/TM;Ag g/TM;;;
08/01/2025;SULFUROS;36.99;35.70;0.76;0.68;13.20;;;
08/01/2025;SULFUROS;44.98;43.41;0.45;0.35;3.91;;;
08/01/2025;SULFUROS;45.40;43.81;0.45;0.35;3.91;;;
08/01/2025;SULFUROS;45.74;44.14;0.45;0.35;3.91;;;
09/01/2025;SULFUROS;39.91;38.51;0.62;0.40;14.72;;;
09/01/2025;SULFUROS;41.37;39.92;0.62;0.40;14.72;;;
09/01/2025;SULFUROS;31.76;30.65;0.62;0.40;14.72;;;
09/01/2025;SULFUROS;26.67;25.74;0.62;0.40;14.72;;;
09/01/2025;SULFUROS;37.45;36.14;0.58;0.78;14.40;;;
09/01/2025;SULFUROS;38.21;36.87;0.58;0.78;14.40;;;
10/01/2025;SULFUROS;36.05;34.79;0.58;0.78;14.40;;;
10/01/2025;SULFUROS;38.00;36.67;0.58;0.78;14.40;;;
10/01/2025;SULFUROS;34.44;33.23;0.74;0.59;22.16;;;
10/01/2025;SULFUROS;39.30;37.92;0.74;0.59;22.16;;;
10/01/2025;SULFUROS;44.79;43.22;0.74;0.59;22.16;;;
10/01/2025;SULFUROS;42.06;40.59;0.74;0.59;22.16;;;
17/01/2025;SULFUROS;29.58;28.54;0.60;0.52;8.00;;;
17/01/2025;SULFUROS;30.88;29.80;0.60;0.52;8.00;;;
17/01/2025;SULFUROS;36.70;35.42;0.60;0.52;8.00;;;
17/01/2025;SULFUROS;37.63;36.31;1.22;1.00;19.20;;;
17/01/2025;SULFUROS;37.19;35.89;1.22;1.00;19.20;;;
18/01/2025;SULFUROS;38.45;37.10;1.18;0.64;19.83;;;
18/01/2025;SULFUROS;41.18;39.74;1.18;0.64;19.83;;;
19/01/2025;SULFUROS;30.23;29.17;1.37;1.34;9.76;;;
19/01/2025;SULFUROS;34.73;33.51;1.37;1.34;9.76;;;
19/01/2025;SULFUROS;37.25;35.95;1.37;1.34;9.76;;;
19/01/2025;SULFUROS;38.94;37.58;1.62;1.55;14.36;;;
19/01/2025;SULFUROS;41.01;39.57;1.62;1.55;14.36;;;
20/01/2025;SULFUROS;35.70;34.45;1.38;2.90;12.97;;;
20/01/2025;SULFUROS;24.28;23.43;1.37;1.34;9.76;;;
20/01/2025;SULFUROS;38.47;37.12;1.38;2.90;12.97;;;
20/01/2025;SULFUROS;41.56;40.11;1.38;2.90;12.97;;;
20/01/2025;SULFUROS;41.90;40.43;1.39;3.04;12.90;;;
20/01/2025;SULFUROS;28.62;27.62;1.39;3.04;12.90;;;
20/01/2025;SULFUROS;42.07;40.60;1.39;3.04;12.90;;;
20/01/2025;SULFUROS;36.74;35.45;1.69;1.15;11.97;;;
20/01/2025;SULFUROS;40.47;39.05;1.69;1.15;11.97;;;
21/01/2025;SULFUROS;33.62;32.44;1.39;3.04;12.90;;;
21/01/2025;SULFUROS;35.44;34.20;1.39;3.04;12.90;;;
21/01/2025;SULFUROS;36.64;35.36;2.34;1.14;17.74;;;
21/01/2025;SULFUROS;39.20;37.83;2.34;1.14;17.74;;;
22/01/2025;SULFUROS;38.85;37.49;1.57;4.79;13.36;;;
22/01/2025;SULFUROS;42.09;40.62;1.57;4.79;13.36;;;
22/01/2025;SULFUROS;34.82;33.60;1.57;4.79;13.36;;;
22/01/2025;SULFUROS;41.14;39.70;1.57;4.79;13.36;;;
22/01/2025;SULFUROS;36.97;35.68;1.57;4.79;13.36;;;
22/01/2025;SULFUROS;39.01;37.64;1.57;4.79;13.36;;;
23/01/2025;SULFUROS;35.05;33.82;1.57;4.79;13.36;;;
23/01/2025;SULFUROS;41.74;40.28;1.25;7.79;12.88;;;
23/01/2025;SULFUROS;43.10;41.59;1.25;7.79;12.88;;;
23/01/2025;SULFUROS;42.78;41.28;1.25;7.79;12.88;;;
23/01/2025;SULFUROS;38.41;37.07;1.25;7.79;12.88;;;
23/01/2025;SULFUROS;37.75;36.43;1.38;0.89;11.21;;;
23/01/2025;SULFUROS;41.55;40.10;1.38;0.89;11.21;;;
23/01/2025;SULFUROS;34.97;33.75;0.79;1.61;5.49;;;
24/01/2025;SULFUROS;35.78;34.53;0.79;1.61;5.49;;;
24/01/2025;SULFUROS;36.63;35.35;0.79;1.61;5.49;;;
24/01/2025;SULFUROS;35.83;34.58;0.79;1.61;5.49;;;
24/01/2025;SULFUROS;38.95;37.59;1.05;2.17;8.46;;;
24/01/2025;SULFUROS;37.15;35.85;1.05;2.17;8.46;;;
24/01/2025;SULFUROS;29.61;28.57;0.79;1.61;5.49;;;
24/01/2025;SULFUROS;39.20;37.83;0.72;4.52;6.29;;;
24/01/2025;SULFUROS;33.09;31.93;0.72;4.52;6.29;;;
25/01/2025;SULFUROS;30.19;29.13;0.72;4.52;6.29;;;
25/01/2025;SULFUROS;39.02;37.65;0.72;4.52;6.29;;;
25/01/2025;SULFUROS;41.43;39.98;1.48;1.05;18.91;;;
25/01/2025;SULFUROS;39.99;38.59;1.48;1.05;18.91;;;
26/01/2025;SULFUROS;35.87;34.61;1.37;2.37;10.67;;;
26/01/2025;SULFUROS;37.80;36.48;1.37;2.37;10.67;;;
26/01/2025;SULFUROS;39.16;37.79;1.52;1.91;14.89;;;
26/01/2025;SULFUROS;39.71;38.32;1.52;1.91;14.89;;;
27/01/2025;SULFUROS;34.45;33.24;1.13;3.07;8.06;;;
27/01/2025;SULFUROS;27.92;26.94;1.13;3.07;8.06;;;
27/01/2025;SULFUROS;33.02;31.86;1.13;3.07;8.06;;;
27/01/2025;SULFUROS;36.45;35.17;1.13;3.07;8.06;;;
27/01/2025;SULFUROS;38.04;36.71;1.13;3.07;8.06;;;
27/01/2025;SULFUROS;39.95;38.55;1.13;3.07;8.06;;;
28/01/2025;SULFUROS;34.41;33.21;1.13;3.07;8.06;;;
28/01/2025;SULFUROS;36.93;35.64;1.13;3.07;8.06;;;
28/01/2025;SULFUROS;36.11;34.85;1.13;3.07;8.06;;;
28/01/2025;SULFUROS;38.73;37.37;1.13;3.07;8.06;;;
28/01/2025;SULFUROS;37.94;36.61;1.13;3.07;8.06;;;
28/01/2025;SULFUROS;41.87;40.40;1.52;4.38;8.51;;;
28/01/2025;SULFUROS;34.97;33.75;2.77;2.56;14.57;;;
28/01/2025;SULFUROS;33.66;32.48;2.77;2.56;14.57;;;
28/01/2025;SULFUROS;39.85;38.46;1.52;4.38;8.51;;;
28/01/2025;SULFUROS;36.53;35.25;1.52;4.38;8.51;;;
28/01/2025;SULFUROS;39.08;37.71;1.52;4.38;8.51;;;
29/01/2025;SULFUROS;33.67;32.49;1.02;3.13;6.53;;;
29/01/2025;SULFUROS;34.62;33.41;1.02;3.13;6.53;;;
29/01/2025;SULFUROS;30.30;29.24;1.02;3.13;6.53;;;
29/01/2025;SULFUROS;37.22;35.92;1.02;3.13;6.53;;;
29/01/2025;SULFUROS;29.98;28.93;1.02;3.13;6.53;;;
29/01/2025;SULFUROS;38.88;37.52;1.36;2.30;10.61;;;
29/01/2025;SULFUROS;37.77;36.45;1.36;2.30;10.61;;;
29/01/2025;SULFUROS;29.27;28.25;1.36;2.30;10.61;;;
29/01/2025;SULFUROS;30.71;29.64;1.36;2.30;10.61;;;
29/01/2025;SULFUROS;37.09;35.79;2.31;2.64;13.16;;;
29/01/2025;SULFUROS;36.47;35.19;2.31;2.64;13.16;;;
30/01/2025;SULFUROS;31.40;30.30;1.42;3.41;9.43;;;
30/01/2025;SULFUROS;38.19;36.85;1.42;3.41;9.43;;;
30/01/2025;SULFUROS;28.32;27.33;1.42;3.41;9.43;;;
30/01/2025;SULFUROS;37.18;35.88;1.46;2.25;9.01;;;
30/01/2025;SULFUROS;36.89;35.60;1.46;2.25;9.01;;;
30/01/2025;SULFUROS;41.44;39.99;1.42;3.41;9.43;;;
30/01/2025;SULFUROS;32.10;30.98;1.42;3.41;9.43;;;
30/01/2025;SULFUROS;39.05;37.68;1.10;3.31;7.26;;;
30/01/2025;SULFUROS;31.02;29.93;1.10;3.31;7.26;;;
31/01/2025;SULFUROS;38.24;36.90;1.10;3.31;7.26;;;
31/01/2025;SULFUROS;35.68;34.43;1.10;3.31;7.26;;;
31/01/2025;SULFUROS;30.96;29.88;1.38;2.20;10.00;;;
31/01/2025;SULFUROS;33.16;32.00;2.62;2.30;14.19;;;
31/01/2025;SULFUROS;33.27;32.11;2.62;2.30;14.19;;;
31/01/2025;SULFUROS;38.41;37.07;0.54;0.48;3.47;;;
31/01/2025;SULFUROS;31.28;30.19;0.54;0.48;3.47;;;
31/01/2025;SULFUROS;40.66;39.24;0.54;0.48;3.47;;;
31/01/2025;SULFUROS;32.09;30.97;0.57;0.76;12.16;;;
31/01/2025;SULFUROS;39.57;38.19;0.57;0.76;12.16;;;
31/01/2025;SULFUROS;40.94;39.51;0.57;0.76;12.16;;;
31/01/2025;SULFUROS;42.04;40.57;1.38;2.20;10.00;;;
31/01/2025;SULFUROS;31.20;30.11;1.38;2.20;10.00;;;
31/01/2025;SULFUROS;30.38;29.32;0.98;1.08;8.56;;;
31/01/2025;SULFUROS;38.24;36.90;0.98;1.08;8.56;;;
01/02/2025;SULFUROS;43.09;41.58;0.98;1.08;8.56;;;
01/02/2025;SULFUROS;30.18;29.12;0.98;1.08;8.56;;;
01/02/2025;SULFUROS;29.72;28.68;1.61;4.74;10.74;;;
01/02/2025;SULFUROS;36.03;34.77;1.61;4.74;10.74;;;
01/02/2025;SULFUROS;40.21;38.80;1.61;4.74;10.74;;;
01/02/2025;SULFUROS;40.16;38.75;1.61;4.74;10.74;;;
01/02/2025;SULFUROS;31.37;30.27;1.61;4.74;10.74;;;
01/02/2025;SULFUROS;37.86;36.53;1.61;4.74;10.74;;;
02/02/2025;SULFUROS;28.32;27.33;1.61;4.74;10.74;;;
03/02/2025;SULFUROS;37.27;35.97;0.92;0.50;15.50;;;
03/02/2025;SULFUROS;34.30;33.10;0.92;0.50;15.50;;;
03/02/2025;SULFUROS;29.88;28.83;0.92;0.50;15.50;;;
03/02/2025;SULFUROS;38.29;36.95;0.57;0.76;6.32;;;
03/02/2025;SULFUROS;35.68;34.43;0.57;0.76;6.32;;;
03/02/2025;SULFUROS;39.49;38.11;0.57;0.76;6.32;;;
03/02/2025;SULFUROS;32.38;31.25;0.57;0.76;6.32;;;
04/02/2025;SULFUROS;30.96;29.88;0.49;0.48;6.32;;;
04/02/2025;SULFUROS;40.30;38.89;0.57;0.76;6.32;;;
04/02/2025;SULFUROS;30.20;29.14;0.49;0.48;6.32;;;
04/02/2025;SULFUROS;36.71;35.43;0.49;0.48;6.32;;;
04/02/2025;SULFUROS;34.83;33.61;0.49;0.48;6.32;;;
04/02/2025;SULFUROS;27.82;26.85;0.54;0.48;4.27;;;
04/02/2025;SULFUROS;31.13;30.04;0.54;0.48;4.27;;;
04/02/2025;SULFUROS;35.04;33.81;0.54;0.48;4.27;;;
04/02/2025;SULFUROS;35.42;34.18;0.54;0.48;4.27;;;
04/02/2025;SULFUROS;36.29;35.02;0.54;0.48;4.27;;;
05/02/2025;SULFUROS;37.60;36.28;0.96;1.54;22.40;;;
05/02/2025;SULFUROS;33.96;32.77;0.96;1.54;22.40;;;
05/02/2025;SULFUROS;36.16;34.89;0.96;1.54;22.40;;;
05/02/2025;SULFUROS;32.84;31.69;0.90;0.48;16.66;;;
05/02/2025;SULFUROS;40.22;38.81;0.90;0.48;16.66;;;
05/02/2025;SULFUROS;36.62;35.34;0.78;0.61;15.86;;;
05/02/2025;SULFUROS;37.93;36.60;0.78;0.61;15.86;;;
05/02/2025;SULFUROS;38.83;37.47;0.78;0.61;15.86;;;
05/02/2025;SULFUROS;38.41;37.07;0.78;0.61;15.86;;;
05/02/2025;SULFUROS;39.26;37.89;0.78;0.61;15.86;;;
06/02/2025;SULFUROS;37.70;36.38;0.78;0.61;15.86;;;
06/02/2025;SULFUROS;30.49;29.42;2.27;2.04;4.96;;;
06/02/2025;SULFUROS;33.10;31.94;2.27;2.04;4.96;;;
06/02/2025;SULFUROS;36.99;35.70;2.27;2.04;4.96;;;
06/02/2025;SULFUROS;33.63;32.45;2.27;2.04;4.96;;;
06/02/2025;SULFUROS;37.15;35.85;2.27;2.04;4.96;;;
06/02/2025;SULFUROS;41.61;40.15;1.20;0.76;21.87;;;
06/02/2025;SULFUROS;43.02;41.51;1.20;0.76;21.87;;;
06/02/2025;SULFUROS;43.68;42.15;1.20;0.76;21.87;;;
07/02/2025;SULFUROS;30.44;29.37;1.20;0.76;21.87;;;
07/02/2025;SULFUROS;41.18;39.74;1.20;0.76;21.87;;;
07/02/2025;SULFUROS;35.48;34.24;1.20;0.76;21.87;;;
07/02/2025;SULFUROS;42.29;40.81;1.20;0.76;21.87;;;
07/02/2025;SULFUROS;31.78;30.67;1.09;0.96;22.96;;;
07/02/2025;SULFUROS;39.40;38.02;1.09;0.96;22.96;;;
07/02/2025;SULFUROS;32.56;31.42;1.09;0.96;22.96;;;
07/02/2025;SULFUROS;40.23;38.82;1.13;0.76;20.67;;;
07/02/2025;SULFUROS;26.64;25.71;1.13;0.76;20.67;;;
07/02/2025;SULFUROS;36.42;35.15;1.13;0.76;20.67;;;
07/02/2025;SULFUROS;38.38;37.04;1.13;0.76;20.67;;;
08/02/2025;SULFUROS;31.89;30.77;1.13;0.76;20.67;;;
08/02/2025;SULFUROS;39.99;38.59;1.13;0.76;20.67;;;
08/02/2025;SULFUROS;37.12;35.82;0.88;0.76;24.64;;;
08/02/2025;SULFUROS;37.15;35.85;0.88;0.76;24.64;;;
08/02/2025;SULFUROS;30.75;29.67;0.88;0.76;24.64;;;
07/02/2025;SULFUROS;26.80;25.86;1.09;0.96;22.96;;;
08/02/2025;SULFUROS;28.22;27.23;0.60;1.32;14.87;;;
08/02/2025;SULFUROS;40.25;38.84;0.60;1.32;14.87;;;
08/02/2025;SULFUROS;37.95;36.62;0.60;1.32;14.87;;;
08/02/2025;SULFUROS;31.46;30.36;0.60;1.32;14.87;;;
08/02/2025;SULFUROS;36.31;35.04;0.60;1.32;14.87;;;
09/02/2025;SULFUROS;35.96;34.70;0.80;0.75;22.33;;;
09/02/2025;SULFUROS;29.05;28.03;0.80;0.75;22.33;;;
09/02/2025;SULFUROS;30.72;29.64;0.80;0.75;22.33;;;
09/02/2025;SULFUROS;39.01;37.64;0.80;0.75;22.33;;;
09/02/2025;SULFUROS;31.31;30.21;0.80;0.75;22.33;;;
09/02/2025;SULFUROS;32.94;31.79;2.97;1.75;8.70;;;
09/02/2025;SULFUROS;25.51;24.62;2.97;1.75;8.70;;;
09/02/2025;SULFUROS;36.99;35.70;2.97;1.75;8.70;;;
09/02/2025;SULFUROS;37.83;36.51;0.54;1.45;9.94;;;
09/02/2025;SULFUROS;37.58;36.26;0.54;1.45;9.94;;;
09/02/2025;SULFUROS;29.80;28.76;0.54;1.45;9.94;;;
09/02/2025;SULFUROS;40.03;38.63;0.54;1.45;9.94;;;
10/02/2025;SULFUROS;40.89;39.46;0.54;1.45;9.94;;;
10/02/2025;SULFUROS;29.85;28.81;2.08;1.05;6.28;;;
10/02/2025;SULFUROS;39.98;38.58;2.08;1.05;6.28;;;
10/02/2025;SULFUROS;28.54;27.54;2.08;1.05;6.28;;;
12/02/2025;SULFUROS;38.02;36.69;1.63;0.77;5.92;;;
12/02/2025;SULFUROS;39.07;37.70;0.67;0.76;10.60;;;
13/02/2025;SULFUROS;38.83;37.47;0.72;4.52;6.29;;;
13/02/2025;SULFUROS;39.87;38.47;1.63;0.77;5.92;;;
13/02/2025;SULFUROS;29.04;28.02;1.63;0.77;5.92;;;
13/02/2025;SULFUROS;31.09;30.00;1.63;0.77;5.92;;;
13/02/2025;SULFUROS;28.89;27.88;1.63;0.77;5.92;;;
14/02/2025;SULFUROS;43.21;41.70;2.11;1.89;10.06;;;
14/02/2025;SULFUROS;32.08;30.96;2.11;1.89;10.06;;;
14/02/2025;SULFUROS;31.79;30.68;2.11;1.89;10.06;;;
14/02/2025;SULFUROS;31.37;30.27;2.11;1.89;10.06;;;
14/02/2025;SULFUROS;38.03;36.70;2.11;1.89;10.06;;;
14/02/2025;SULFUROS;29.12;28.10;2.11;1.89;10.06;;;
14/02/2025;SULFUROS;37.83;36.51;0.84;1.13;7.60;;;
15/02/2025;SULFUROS;38.71;37.36;0.84;1.13;7.60;;;
15/02/2025;SULFUROS;29.96;28.91;0.55;0.85;10.16;;;
15/02/2025;SULFUROS;34.85;33.63;0.55;0.85;10.16;;;
15/02/2025;SULFUROS;43.16;41.65;0.55;0.85;10.16;;;
15/02/2025;SULFUROS;37.27;35.97;0.55;0.85;10.16;;;
15/02/2025;SULFUROS;31.53;30.43;0.74;0.91;7.28;;;
15/02/2025;SULFUROS;38.70;37.35;0.74;0.91;7.28;;;
15/02/2025;SULFUROS;36.44;35.16;0.74;0.91;7.28;;;
15/02/2025;SULFUROS;28.92;27.91;0.74;0.91;7.28;;;
16/02/2025;SULFUROS;34.27;33.07;0.68;1.18;16.53;;;
16/02/2025;SULFUROS;34.26;33.06;0.68;1.18;16.53;;;
16/02/2025;SULFUROS;33.86;32.67;0.68;1.18;16.53;;;
16/02/2025;SULFUROS;27.17;26.22;0.68;1.18;16.53;;;
16/02/2025;SULFUROS;37.15;35.85;0.68;1.18;16.53;;;
16/02/2025;SULFUROS;38.12;36.79;0.58;2.91;12.85;;;
17/02/2025;SULFUROS;42.53;41.04;0.58;2.91;12.85;;;
16/02/2025;SULFUROS;35.94;34.68;0.58;2.91;12.85;;;
17/02/2025;SULFUROS;37.54;36.23;0.58;2.91;12.85;;;
17/02/2025;SULFUROS;31.32;30.22;0.58;2.91;12.85;;;
17/02/2025;SULFUROS;28.45;27.45;0.58;2.91;12.85;;;
17/02/2025;SULFUROS;42.80;41.30;2.08;1.05;6.28;;;
17/02/2025;SULFUROS;39.24;37.87;2.08;1.05;6.28;;;
17/02/2025;SULFUROS;25.75;24.85;0.62;1.64;13.99;;;
17/02/2025;SULFUROS;35.44;34.20;2.08;1.05;6.28;;;
18/02/2025;SULFUROS;36.77;35.48;0.62;1.64;13.99;;;
18/02/2025;SULFUROS;26.20;25.28;0.62;1.64;13.99;;;
18/02/2025;SULFUROS;35.97;34.71;0.62;1.64;13.99;;;
18/02/2025;SULFUROS;26.28;25.36;0.62;1.64;13.99;;;
18/02/2025;SULFUROS;25.98;25.07;0.62;1.64;13.99;;;
18/02/2025;SULFUROS;35.98;34.72;0.62;1.64;13.99;;;
18/02/2025;SULFUROS;35.99;34.73;0.77;0.75;17.80;;;
18/02/2025;SULFUROS;33.99;32.80;0.77;0.75;17.80;;;
18/02/2025;SULFUROS;36.45;35.17;0.77;0.75;17.80;;;
18/02/2025;SULFUROS;36.56;35.28;0.77;0.75;17.80;;;
18/02/2025;SULFUROS;26.04;25.13;0.77;0.75;17.80;;;
19/02/2025;SULFUROS;36.93;35.64;0.67;0.76;10.60;;;
19/02/2025;SULFUROS;32.92;31.77;0.67;0.76;10.60;;;
19/02/2025;SULFUROS;41.98;40.51;0.67;0.76;10.60;;;
19/02/2025;SULFUROS;36.66;35.38;1.77;1.62;7.33;;;
19/02/2025;SULFUROS;28.76;27.75;0.67;0.76;10.60;;;
19/02/2025;SULFUROS;41.24;39.80;1.77;1.62;7.33;;;
19/02/2025;SULFUROS;41.83;40.37;1.77;1.62;7.33;;;
19/02/2025;SULFUROS;33.85;32.67;1.77;1.62;7.33;;;
19/02/2025;SULFUROS;34.60;33.39;2.51;1.35;8.47;;;
20/02/2025;SULFUROS;37.50;36.19;2.51;1.35;8.47;;;
20/02/2025;SULFUROS;38.56;37.21;2.51;1.35;8.47;;;
20/02/2025;SULFUROS;27.79;26.82;1.77;1.62;7.33;;;
20/02/2025;SULFUROS;33.74;32.56;2.51;1.35;8.47;;;
20/02/2025;SULFUROS;27.27;26.32;2.51;1.35;8.47;;;
20/02/2025;SULFUROS;37.19;35.89;0.84;1.13;7.60;;;
20/02/2025;SULFUROS;36.92;35.63;0.84;1.13;7.60;;;
20/02/2025;SULFUROS;29.81;28.77;0.84;1.13;7.60;;;
20/02/2025;SULFUROS;38.12;36.79;0.84;1.13;7.60;;;
20/02/2025;SULFUROS;37.69;36.37;0.84;1.13;7.60;;;
21/02/2025;SULFUROS;37.48;36.17;1.92;0.74;5.92;;;
21/02/2025;SULFUROS;29.53;28.50;1.92;0.74;5.92;;;
21/02/2025;SULFUROS;25.76;24.86;1.92;0.74;5.92;;;
21/02/2025;SULFUROS;34.60;33.39;1.92;0.74;5.92;;;
23/02/2025;SULFUROS;27.74;26.77;0.54;0.33;4.80;;;
23/02/2025;SULFUROS;26.75;25.81;0.54;0.33;4.80;;;
23/02/2025;SULFUROS;25.60;24.70;0.54;0.33;4.80;;;
01/03/2025;SULFUROS;33.76;32.58;0.48;0.33;4.79;;;
01/03/2025;SULFUROS;27.84;26.87;0.48;0.33;4.79;;;
01/03/2025;SULFUROS;35.28;34.05;0.48;0.33;4.79;;;
02/03/2025;SULFUROS;37.27;35.97;0.48;0.33;4.79;;;
02/03/2025;SULFUROS;37.48;36.17;0.48;0.33;4.79;;;
03/03/2025;SULFUROS;37.71;36.39;0.66;0.18;3.76;;;
03/03/2025;SULFUROS;37.73;36.41;0.66;0.18;3.76;;;
03/03/2025;SULFUROS;42.82;41.32;0.66;0.18;3.76;;;
03/03/2025;SULFUROS;34.86;33.64;0.66;0.18;3.76;;;
04/03/2025;SULFUROS;34.81;33.59;0.59;0.27;6.87;;;
04/03/2025;SULFUROS;26.13;25.22;0.59;0.27;6.87;;;
05/03/2025;SULFUROS;34.29;33.09;1.43;1.13;7.73;;;
05/03/2025;SULFUROS;30.20;29.14;1.43;1.13;7.73;;;
05/03/2025;SULFUROS;28.39;27.4;1.43;1.13;7.73;;;
05/03/2025;SULFUROS;25.08;24.2;1.43;1.13;7.73;;;
05/03/2025;SULFUROS;41.36;39.91;0.59;0.27;6.87;;;
05/03/2025;SULFUROS;41.51;40.06;0.59;0.27;6.87;;;
05/03/2025;SULFUROS;32.91;31.76;0.59;0.27;6.87;;;
05/03/2025;SULFUROS;32.09;30.97;0.59;0.27;6.87;;;
05/03/2025;SULFUROS;38.16;36.82;0.96;0.30;15.47;;;
06/03/2025;SULFUROS;31.23;30.14;0.96;0.30;15.47;;;
06/03/2025;SULFUROS;40.41;39;0.65;0.41;19.53;;;
06/03/2025;SULFUROS;31.11;30.02;0.65;0.41;19.53;;;
06/03/2025;SULFUROS;39.37;37.99;0.65;0.41;19.53;;;
06/03/2025;SULFUROS;32.71;31.57;0.42;0.17;6.00;;;
06/03/2025;SULFUROS;30.18;29.12;0.42;0.17;6.00;;;
07/03/2025;SULFUROS;36.26;34.99;1.19;0.43;13.88;;;
07/03/2025;SULFUROS;35.14;33.91;1.19;0.43;13.88;;;
07/03/2025;SULFUROS;39.67;38.28;0.77;0.48;18.74;;;
07/03/2025;SULFUROS;36.22;34.95;0.77;0.48;18.74;;;
07/03/2025;SULFUROS;38.24;36.9;1.19;0.43;13.88;;;
07/03/2025;SULFUROS;35.83;34.58;1.19;0.43;13.88;;;
07/03/2025;SULFUROS;28.06;27.08;1.14;0.05;8.98;;;
07/03/2025;SULFUROS;39.89;38.49;1.14;0.05;8.98;;;
07/03/2025;SULFUROS;35.56;34.32;1.14;0.05;8.98;;;
08/03/2025;SULFUROS;37.76;36.44;0.68;0.05;5.58;;;
08/03/2025;SULFUROS;30.55;29.48;0.68;0.05;5.58;;;
08/03/2025;SULFUROS;34.33;33.13;0.93;1.07;7.84;;;
08/03/2025;SULFUROS;26.71;25.78;0.93;1.07;7.84;;;
08/03/2025;SULFUROS;32.04;30.92;0.93;1.07;7.84;;;
08/03/2025;SULFUROS;33.96;32.77;0.93;1.07;7.84;;;
08/03/2025;SULFUROS;27.77;26.8;0.63;0.23;6.13;;;
08/03/2025;SULFUROS;35.72;34.47;0.63;0.23;6.13;;;
09/03/2025;SULFUROS;36.92;35.63;0.57;0.51;5.59;;;
09/03/2025;SULFUROS;26.61;25.68;0.57;0.51;5.59;;;
09/03/2025;SULFUROS;33.90;32.71;0.57;0.51;5.59;;;
09/03/2025;SULFUROS;32.22;31.09;0.57;0.51;5.59;;;
09/03/2025;SULFUROS;25.43;24.54;0.57;0.51;5.59;;;
09/03/2025;SULFUROS;29.02;28;0.57;0.51;5.59;;;
10/03/2025;SULFUROS;38.75;37.39;0.46;0.57;4.27;;;
10/03/2025;SULFUROS;28.94;27.93;0.46;0.57;4.27;;;
10/03/2025;SULFUROS;36.35;35.08;0.79;0.90;7.00;;;
10/03/2025;SULFUROS;26.03;25.12;0.74;0.66;10.64;;;
10/03/2025;SULFUROS;37.53;36.22;0.74;0.66;10.64;;;
10/03/2025;SULFUROS;30.78;29.70;0.74;0.66;10.64;;;
10/03/2025;SULFUROS;34.15;32.95;0.78;0.92;11.20;;;
10/03/2025;SULFUROS;28.12;27.14;0.78;0.92;11.20;;;
10/03/2025;SULFUROS;32.39;31.26;0.78;0.92;11.20;;;
10/03/2025;SULFUROS;39.03;37.66;0.78;0.92;11.20;;;
10/03/2025;SULFUROS;26.30;25.38;0.78;0.92;11.20;;;
10/03/2025;SULFUROS;25.40;24.51;1.04;1.34;8.86;;;
10/03/2025;SULFUROS;34.07;32.88;0.78;0.92;11.20;;;
10/03/2025;SULFUROS;33.01;31.85;1.04;1.34;8.86;;;
11/03/2025;SULFUROS;28.27;27.28;1.04;1.34;8.86;;;
11/03/2025;SULFUROS;36.59;35.31;1.04;1.34;8.86;;;
11/03/2025;SULFUROS;37.94;36.61;1.04;1.34;8.86;;;
11/03/2025;SULFUROS;25.74;24.84;0.94;0.54;7.33;;;
11/03/2025;SULFUROS;38.56;37.21;0.94;0.54;7.33;;;
11/03/2025;SULFUROS;36.28;35.01;0.94;0.54;7.33;;;
11/03/2025;SULFUROS;29.22;28.20;0.94;0.54;7.33;;;
11/03/2025;SULFUROS;28.34;27.35;0.94;0.54;7.33;;;
11/03/2025;SULFUROS;35.84;34.59;0.94;0.54;7.33;;;
11/03/2025;SULFUROS;28.26;27.27;0.94;0.54;7.33;;;
11/03/2025;SULFUROS;33.67;32.49;0.49;1.00;7.00;;;
12/03/2025;SULFUROS;27.15;26.20;0.49;1.00;7.00;;;
12/03/2025;SULFUROS;33.98;32.79;0.49;1.00;7.00;;;
12/03/2025;SULFUROS;29.05;28.03;0.95;0.56;10.51;;;
12/03/2025;SULFUROS;33.42;32.25;0.95;0.56;10.51;;;
12/03/2025;SULFUROS;27.33;26.37;0.95;0.56;10.51;;;
12/03/2025;SULFUROS;36.07;34.81;0.95;0.56;10.51;;;
12/03/2025;SULFUROS;32.49;31.35;0.95;0.56;10.51;;;
12/03/2025;SULFUROS;27.79;26.82;0.95;0.56;10.51;;;
12/03/2025;SULFUROS;36.38;35.11;0.95;0.56;10.51;;;
12/03/2025;SULFUROS;38.88;37.52;0.66;0.49;7.75;;;
13/03/2025;SULFUROS;28.33;27.34;0.66;0.49;7.75;;;
13/03/2025;SULFUROS;38.88;37.52;0.66;0.49;7.75;;;
13/03/2025;SULFUROS;36.83;35.54;0.66;0.49;7.75;;;
13/03/2025;SULFUROS;31.20;30.11;0.66;0.49;7.75;;;
13/03/2025;SULFUROS;35.76;34.51;0.92;0.99;9.54;;;
13/03/2025;SULFUROS;33.49;32.32;0.92;0.99;9.54;;;
13/03/2025;SULFUROS;25.69;24.79;0.92;0.99;9.54;;;
13/03/2025;SULFUROS;29.88;28.83;0.92;0.99;9.54;;;
13/03/2025;SULFUROS;30.02;28.97;0.92;0.99;9.54;;;
13/03/2025;SULFUROS;34.08;32.89;0.92;0.99;9.54;;;
13/03/2025;SULFUROS;25.18;24.30;0.42;0.17;6.00;;;
13/03/2025;SULFUROS;32.74;31.59;0.92;0.99;9.54;;;
13/03/2025;SULFUROS;33.14;31.98;0.92;0.99;9.54;;;
14/03/2025;SULFUROS;34.32;33.12;0.92;0.99;9.54;;;
14/03/2025;SULFUROS;36.74;35.45;0.92;0.99;9.54;;;
14/03/2025;SULFUROS;35.02;33.79;0.95;0.25;10.40;;;
14/03/2025;SULFUROS;37.37;36.06;0.95;0.25;10.40;;;
14/03/2025;SULFUROS;36.82;35.53;0.95;0.25;10.40;;;
14/03/2025;SULFUROS;40.67;39.25;0.95;0.25;10.40;;;
14/03/2025;SULFUROS;37.15;35.85;0.95;0.25;10.40;;;
14/03/2025;SULFUROS;32.85;31.70;0.95;0.25;10.40;;;
14/03/2025;SULFUROS;36.13;34.87;1.13;0.96;8.59;;;
14/03/2025;SULFUROS;37.10;35.80;1.13;0.96;8.59;;;
15/03/2025;SULFUROS;37.13;35.83;1.13;0.96;8.59;;;
15/03/2025;SULFUROS;36.40;35.13;1.13;0.96;8.59;;;
15/03/2025;SULFUROS;31.25;30.16;1.13;0.96;8.59;;;
15/03/2025;SULFUROS;29.48;28.45;1.13;0.96;8.59;;;
15/03/2025;SULFUROS;38.48;37.13;1.13;0.96;8.59;;;
15/03/2025;SULFUROS;26.10;25.19;1.13;0.96;8.59;;;
15/03/2025;SULFUROS;32.47;31.33;1.13;0.96;8.59;;;
15/03/2025;SULFUROS;35.89;34.63;1.13;0.96;8.59;;;
15/03/2025;SULFUROS;35.00;33.78;1.13;0.96;8.59;;;
15/03/2025;SULFUROS;33.81;32.63;1.13;0.96;8.59;;;
16/03/2025;SULFUROS;36.74;35.45;1.13;0.96;8.59;;;
16/03/2025;SULFUROS;34.21;33.01;1.13;0.96;8.59;;;
16/03/2025;SULFUROS;26.85;25.91;1.13;0.96;8.59;;;
16/03/2025;SULFUROS;33.27;32.11;1.22;0.53;10.00;;;
16/03/2025;SULFUROS;35.06;33.83;1.22;0.53;10.00;;;
16/03/2025;SULFUROS;26.67;25.74;1.22;0.53;10.00;;;
16/03/2025;SULFUROS;39.60;38.21;1.28;0.41;18.83;;;
16/03/2025;SULFUROS;40.20;38.79;1.28;0.41;18.83;;;
16/03/2025;SULFUROS;38.22;36.88;1.28;0.41;18.83;;;
16/03/2025;SULFUROS;36.89;35.60;1.28;0.41;18.83;;;
16/03/2025;SULFUROS;34.37;33.17;1.28;0.41;18.83;;;
17/03/2025;SULFUROS;28.34;27.35;1.28;0.41;18.83;;;
17/03/2025;SULFUROS;38.09;36.76;1.16;1.20;7.46;;;
17/03/2025;SULFUROS;37.20;35.90;1.16;1.20;7.46;;;
17/03/2025;SULFUROS;37.42;36.11;1.16;1.20;7.46;;;
17/03/2025;SULFUROS;40.46;39.04;1.16;1.20;7.46;;;
17/03/2025;SULFUROS;26.51;25.58;1.16;1.20;7.46;;;
17/03/2025;SULFUROS;38.23;36.89;1.16;1.20;7.46;;;
17/03/2025;SULFUROS;26.72;25.78;1.16;1.20;7.46;;;
18/03/2025;SULFUROS;37.38;36.07;1.16;1.20;7.46;;;
18/03/2025;SULFUROS;30.96;29.88;1.16;1.20;7.46;;;
18/03/2025;SULFUROS;35.10;33.87;2.16;0.53;17.02;;;
18/03/2025;SULFUROS;30.95;29.87;1.16;1.20;7.46;;;
18/03/2025;SULFUROS;37.04;35.74;2.16;0.53;17.02;;;
18/03/2025;SULFUROS;31.91;30.79;2.16;0.53;17.02;;;
18/03/2025;SULFUROS;27.48;26.52;2.16;0.53;17.02;;;
18/03/2025;SULFUROS;26.28;25.36;2.16;0.53;17.02;;;
18/03/2025;SULFUROS;39.61;38.22;2.16;0.53;17.02;;;
18/03/2025;SULFUROS;35.79;34.54;1.32;0.60;9.79;;;
18/03/2025;SULFUROS;32.03;30.91;1.32;0.60;9.79;;;
19/03/2025;SULFUROS;34.72;33.50;1.32;0.60;9.79;;;
19/03/2025;SULFUROS;38.46;37.11;1.15;0.28;10.73;;;
19/03/2025;SULFUROS;34.77;33.55;1.15;0.28;10.73;;;
19/03/2025;SULFUROS;40.83;39.40;1.15;0.28;10.73;;;
19/03/2025;SULFUROS;30.74;29.66;1.15;0.28;10.73;;;
19/03/2025;SULFUROS;36.81;35.52;1.15;0.28;10.73;;;
19/03/2025;SULFUROS;28.88;27.87;1.15;0.28;10.73;;;
19/03/2025;SULFUROS;39.21;37.84;0.76;0.17;6.57;;;
19/03/2025;SULFUROS;31.03;29.94;0.76;0.17;6.57;;;
19/03/2025;SULFUROS;36.85;35.56;1.26;0.38;9.03;;;
19/03/2025;SULFUROS;39.44;38.06;1.26;0.38;9.03;;;
20/03/2025;SULFUROS;38.62;37.27;1.26;0.38;9.03;;;
20/03/2025;SULFUROS;35.93;34.67;1.26;0.38;9.03;;;
20/03/2025;SULFUROS;36.90;35.61;1.26;0.38;9.03;;;
20/03/2025;SULFUROS;28.73;27.72;1.26;0.38;9.03;;;
20/03/2025;SULFUROS;34.19;32.99;1.26;0.38;9.03;;;
20/03/2025;SULFUROS;35.61;34.36;0.90;0.37;7.20;;;
20/03/2025;SULFUROS;29.29;28.26;0.90;0.37;7.20;;;
20/03/2025;SULFUROS;42.90;41.40;0.90;0.37;7.20;;;
20/03/2025;SULFUROS;38.19;36.85;0.90;0.37;7.20;;;
20/03/2025;SULFUROS;36.84;35.55;0.90;0.37;7.20;;;
20/03/2025;SULFUROS;37.70;36.38;0.90;0.37;7.20;;;
20/03/2025;SULFUROS;23.88;23.04;0.90;0.37;7.20;;;
20/03/2025;SULFUROS;35.02;33.79;0.90;0.37;7.20;;;
20/03/2025;SULFUROS;35.08;33.85;0.97;0.44;6.95;;;
21/03/2025;SULFUROS;37.72;36.40;0.97;0.44;6.95;;;
21/03/2025;SULFUROS;33.22;32.06;0.97;0.44;6.95;;;
21/03/2025;SULFUROS;28.00;27.02;0.34;0.53;2.93;;;
21/03/2025;SULFUROS;33.50;32.33;0.76;0.48;6.04;;;
21/03/2025;SULFUROS;36.82;35.53;0.76;0.48;6.04;;;
21/03/2025;SULFUROS;31.74;30.63;0.76;0.48;6.04;;;
21/03/2025;SULFUROS;33.20;32.04;0.76;0.48;6.04;;;
21/03/2025;SULFUROS;31.02;29.93;0.76;0.48;6.04;;;
21/03/2025;SULFUROS;36.74;35.45;0.76;0.48;6.04;;;
21/03/2025;SULFUROS;41.82;40.36;0.76;0.48;6.04;;;
22/03/2025;SULFUROS;37.12;35.82;0.76;0.48;6.04;;;
22/03/2025;SULFUROS;36.58;35.30;0.76;0.48;6.04;;;
22/03/2025;SULFUROS;27.48;26.52;0.76;0.48;6.04;;;
22/03/2025;SULFUROS;35.64;34.39;0.76;0.48;6.04;;;
22/03/2025;SULFUROS;38.80;37.44;0.76;0.48;6.04;;;
22/03/2025;SULFUROS;31.08;29.99;0.76;0.48;6.04;;;
22/03/2025;SULFUROS;37.97;36.64;0.72;0.28;3.76;;;
22/03/2025;SULFUROS;34.62;33.41;0.72;0.28;3.76;;;
23/03/2025;SULFUROS;40.25;38.84;0.72;0.28;3.76;;;
23/03/2025;SULFUROS;31.71;30.60;0.77;1.05;14.80;;;
23/03/2025;SULFUROS;27.57;26.61;0.77;1.05;14.80;;;
23/03/2025;SULFUROS;30.45;29.38;0.62;0.23;8.20;;;
23/03/2025;SULFUROS;29.10;28.08;0.77;1.05;14.80;;;
23/03/2025;SULFUROS;35.20;33.97;0.62;0.23;8.20;;;
23/03/2025;SULFUROS;23.28;22.47;0.62;0.23;8.20;;;
23/03/2025;SULFUROS;28.18;27.19;0.62;0.23;8.20;;;
23/03/2025;SULFUROS;34.70;33.49;0.66;0.43;6.59;;;
23/03/2025;SULFUROS;35.42;34.18;0.66;0.43;6.59;;;
23/03/2025;SULFUROS;32.99;31.84;0.66;0.43;6.59;;;
24/03/2025;SULFUROS;36.69;35.41;0.66;0.43;6.59;;;
24/03/2025;SULFUROS;37.34;36.03;0.66;0.43;6.59;;;
24/03/2025;SULFUROS;33.91;32.72;0.66;0.43;6.59;;;
24/03/2025;SULFUROS;26.83;25.89;0.66;0.43;6.59;;;
24/03/2025;SULFUROS;26.35;25.43;1.12;0.45;8.09;;;
24/03/2025;SULFUROS;38.55;37.20;1.12;0.45;8.09;;;
24/03/2025;SULFUROS;39.46;38.08;1.12;0.45;8.09;;;
24/03/2025;SULFUROS;41.22;39.78;0.72;0.14;6.55;;;
24/03/2025;SULFUROS;28.56;27.56;0.72;0.14;6.55;;;
24/03/2025;SULFUROS;36.47;35.19;1.12;0.45;8.09;;;
24/03/2025;SULFUROS;34.98;33.76;1.12;0.45;8.09;;;
24/03/2025;SULFUROS;26.07;25.16;1.12;0.45;8.09;;;
24/03/2025;SULFUROS;34.98;33.76;1.30;1.50;3.87;;;
24/03/2025;SULFUROS;38.63;37.28;1.30;1.50;3.87;;;
25/03/2025;SULFUROS;41.41;39.96;1.30;1.50;3.87;;;
25/03/2025;SULFUROS;38.15;36.81;0.91;0.20;5.04;;;
25/03/2025;SULFUROS;34.01;32.82;0.91;0.20;5.04;;;
25/03/2025;SULFUROS;30.93;29.85;1.12;0.45;8.09;;;
25/03/2025;SULFUROS;26.49;25.56;0.91;0.20;5.04;;;
25/03/2025;SULFUROS;27.32;26.36;0.91;0.20;5.04;;;
25/03/2025;SULFUROS;32.99;31.84;1.22;0.27;8.27;;;
25/03/2025;SULFUROS;33.04;31.88;1.22;0.27;8.27;;;
25/03/2025;SULFUROS;25.54;24.65;1.22;0.27;8.27;;;
25/03/2025;SULFUROS;33.76;32.58;0.53;0.79;4.09;;;
25/03/2025;SULFUROS;35.60;34.35;0.53;0.79;4.09;;;
26/03/2025;SULFUROS;34.57;33.36;1.38;1.28;7.70;;;
26/03/2025;SULFUROS;35.30;34.06;1.38;1.28;7.70;;;
26/03/2025;SULFUROS;27.23;26.28;1.38;1.28;7.70;;;
26/03/2025;SULFUROS;27.69;26.72;1.38;1.28;7.70;;;
26/03/2025;SULFUROS;39.87;38.47;1.38;1.28;7.70;;;
26/03/2025;SULFUROS;39.55;38.17;0.62;0.14;4.00;;;
26/03/2025;SULFUROS;36.30;35.03;1.38;1.28;7.70;;;
26/03/2025;SULFUROS;29.15;28.13;0.62;0.14;4.00;;;
26/03/2025;SULFUROS;32.06;30.94;0.62;0.14;4.00;;;
26/03/2025;SULFUROS;27.16;26.21;0.62;0.14;4.00;;;
26/03/2025;SULFUROS;34.11;32.92;0.78;2.46;4.24;;;
26/03/2025;SULFUROS;36.56;35.28;0.78;2.46;4.24;;;
26/03/2025;SULFUROS;32.71;31.57;0.78;2.46;4.24;;;
27/03/2025;SULFUROS;36.46;35.18;0.78;2.46;4.24;;;
27/03/2025;SULFUROS;28.70;27.70;0.75;0.98;7.34;;;
27/03/2025;SULFUROS;41.70;40.24;0.79;0.60;6.09;;;
27/03/2025;SULFUROS;39.08;37.71;0.79;0.60;6.09;;;
27/03/2025;SULFUROS;40.41;39.00;0.79;0.60;6.09;;;
27/03/2025;SULFUROS;37.67;36.35;0.75;0.98;7.34;;;
27/03/2025;SULFUROS;36.06;34.80;0.75;0.98;7.34;;;
27/03/2025;SULFUROS;31.82;30.71;0.89;1.30;8.59;;;
27/03/2025;SULFUROS;35.46;34.22;0.89;1.30;8.59;;;
27/03/2025;SULFUROS;32.47;31.33;0.75;0.98;7.34;;;
28/03/2025;SULFUROS;38.04;36.71;0.75;0.98;7.34;;;
28/03/2025;SULFUROS;36.94;35.65;0.75;0.98;7.34;;;
28/03/2025;SULFUROS;33.10;31.94;0.88;0.50;7.39;;;
28/03/2025;SULFUROS;30.96;29.88;0.75;0.98;7.34;;;
28/03/2025;SULFUROS;31.24;30.15;0.78;0.28;4.30;;;
28/03/2025;SULFUROS;38.79;37.43;0.78;0.28;4.30;;;
28/03/2025;SULFUROS;33.58;32.40;0.89;0.55;5.59;;;
28/03/2025;SULFUROS;33.62;32.44;0.89;0.55;5.59;;;
28/03/2025;SULFUROS;37.25;35.95;0.89;0.55;5.59;;;
28/03/2025;SULFUROS;33.73;32.55;0.89;0.55;5.59;;;
28/03/2025;SULFUROS;36.38;35.11;0.89;0.55;5.59;;;
29/03/2025;SULFUROS;35.97;34.71;0.88;0.20;5.40;;;
29/03/2025;SULFUROS;31.54;30.44;0.88;0.20;5.40;;;
29/03/2025;SULFUROS;39.19;37.82;0.88;0.20;5.40;;;
29/03/2025;SULFUROS;27.26;26.31;0.88;0.20;5.40;;;
29/03/2025;SULFUROS;39.39;38.01;0.56;0.23;5.19;;;
29/03/2025;SULFUROS;39.51;38.13;0.56;0.23;5.19;;;
29/03/2025;SULFUROS;35.55;34.31;0.56;0.23;5.19;;;
29/03/2025;SULFUROS;30.99;29.91;0.56;0.23;5.19;;;
30/03/2025;SULFUROS;37.92;36.59;0.56;0.23;5.19;;;
30/03/2025;SULFUROS;37.04;35.74;0.56;0.23;5.19;;;
30/03/2025;SULFUROS;35.42;34.18;0.91;1.20;4.50;;;
30/03/2025;SULFUROS;31.93;30.81;0.91;1.20;4.50;;;
30/03/2025;SULFUROS;36.48;35.2;0.91;1.20;4.50;;;
30/03/2025;SULFUROS;22.70;21.91;0.91;1.20;4.50;;;
30/03/2025;SULFUROS;35.43;34.19;0.91;1.20;4.50;;;
30/03/2025;SULFUROS;38.64;37.29;0.63;0.20;4.15;;;
30/03/2025;SULFUROS;25.48;24.59;0.63;0.20;4.15;;;
30/03/2025;SULFUROS;39.00;37.64;0.63;0.20;4.15;;;
30/03/2025;SULFUROS;38.46;37.11;0.63;0.20;4.15;;;
30/03/2025;SULFUROS;34.70;33.49;0.63;0.20;4.15;;;
30/03/2025;SULFUROS;38.37;37.03;0.63;0.20;4.15;;;
30/03/2025;SULFUROS;36.68;35.4;0.68;0.33;4.20;;;
31/03/2025;SULFUROS;31.74;30.63;0.67;0.16;2.74;;;
31/03/2025;SULFUROS;36.30;35.03;0.67;0.16;2.74;;;
31/03/2025;SULFUROS;38.83;37.47;0.67;0.16;2.74;;;
31/03/2025;SULFUROS;37.31;36;0.67;0.16;2.74;;;
01/04/2025;SULFUROS;40.47;39.05;0.67;0.16;2.74;;;
01/04/2025;SULFUROS;35.66;34.41;1.20;0.45;9.04;;;
01/04/2025;SULFUROS;35.49;34.25;1.20;0.45;9.04;;;
01/04/2025;SULFUROS;38.97;37.61;0.73;0.24;2.86;;;
01/04/2025;SULFUROS;37.95;36.62;0.71;0.14;4.56;;;
01/04/2025;SULFUROS;37.36;36.05;0.73;0.24;2.86;;;
01/04/2025;SULFUROS;40.96;39.53;0.73;0.24;2.86;;;
01/04/2025;SULFUROS;37.17;35.87;0.71;0.14;4.56;;;
01/04/2025;SULFUROS;32.20;31.07;0.71;0.14;4.56;;;
01/04/2025;SULFUROS;37.97;36.64;0.71;0.14;4.56;;;
01/04/2025;SULFUROS;36.72;35.43;1.97;0.26;11.84;;;
01/04/2025;SULFUROS;41.02;39.58;1.97;0.26;11.84;;;
02/04/2025;SULFUROS;36.85;35.56;1.97;0.26;11.84;;;
02/04/2025;SULFUROS;37.99;36.66;1.97;0.26;11.84;;;
02/04/2025;SULFUROS;37.75;36.43;1.97;0.26;11.84;;;
02/04/2025;SULFUROS;36.95;35.66;1.97;0.26;11.84;;;
02/04/2025;SULFUROS;33.95;32.76;1.21;0.18;1.20;;;
02/04/2025;SULFUROS;35.95;34.69;1.21;0.18;1.20;;;
02/04/2025;SULFUROS;37.27;35.97;1.21;0.18;1.20;;;
02/04/2025;SULFUROS;34.94;33.72;0.49;0.16;1.60;;;
02/04/2025;SULFUROS;37.13;35.83;0.49;0.16;1.60;;;
02/04/2025;SULFUROS;34.19;32.99;0.49;0.16;1.60;;;
02/04/2025;SULFUROS;37.27;35.97;0.49;0.16;1.60;;;
02/04/2025;SULFUROS;34.03;32.84;0.49;0.16;1.60;;;
03/04/2025;SULFUROS;31.19;30.10;0.46;0.18;2.80;;;
03/04/2025;SULFUROS;33.70;32.52;0.46;0.18;2.80;;;
03/04/2025;SULFUROS;33.02;31.86;0.46;0.18;2.80;;;
03/04/2025;SULFUROS;29.99;28.94;0.67;0.37;3.60;;;
03/04/2025;SULFUROS;33.59;32.41;0.67;0.37;3.60;;;
04/04/2025;SULFUROS;32.46;31.32;0.79;0.40;4.80;;;
04/04/2025;SULFUROS;36.14;34.88;0.79;0.40;4.80;;;
04/04/2025;SULFUROS;33.28;32.12;0.79;0.40;4.80;;;
04/04/2025;SULFUROS;26.79;25.85;0.79;0.40;4.80;;;
04/04/2025;SULFUROS;36.39;35.12;0.49;0.20;3.07;;;
04/04/2025;SULFUROS;34.55;33.34;0.49;0.20;3.07;;;
04/04/2025;SULFUROS;33.86;32.67;0.49;0.20;3.07;;;
04/04/2025;SULFUROS;35.14;33.91;0.49;0.20;3.07;;;
04/04/2025;SULFUROS;36.21;34.94;0.64;0.15;2.30;;;
04/04/2025;SULFUROS;34.75;33.53;0.64;0.15;2.30;;;
04/04/2025;SULFUROS;30.21;29.15;1.47;0.22;8.72;;;
04/04/2025;SULFUROS;36.79;35.50;1.47;0.22;8.72;;;
04/04/2025;SULFUROS;31.53;30.43;1.47;0.22;8.72;;;
04/04/2025;SULFUROS;33.36;32.19;1.47;0.22;8.72;;;
04/04/2025;SULFUROS;34.54;33.33;1.47;0.22;8.72;;;
04/04/2025;SULFUROS;31.66;30.55;1.47;0.22;8.72;;;
05/04/2025;SULFUROS;37.62;36.30;0.91;0.20;4.73;;;
05/04/2025;SULFUROS;33.81;32.63;0.91;0.20;4.73;;;
05/04/2025;SULFUROS;36.22;34.95;0.91;0.20;4.73;;;
05/04/2025;SULFUROS;35.99;34.73;0.91;0.20;4.73;;;
05/04/2025;SULFUROS;36.97;35.68;0.91;0.20;4.73;;;
05/04/2025;SULFUROS;30.19;29.13;0.74;0.22;4.13;;;
05/04/2025;SULFUROS;26.99;26.05;0.74;0.22;4.13;;;
05/04/2025;SULFUROS;34.25;33.05;0.74;0.22;4.13;;;
05/04/2025;SULFUROS;28.61;27.61;0.74;0.22;4.13;;;
06/04/2025;SULFUROS;35.42;34.18;0.74;0.22;4.13;;;
06/04/2025;SULFUROS;39.00;37.64;0.60;0.21;5.39;;;
06/04/2025;SULFUROS;36.71;35.43;0.60;0.21;5.39;;;
06/04/2025;SULFUROS;38.75;37.39;0.60;0.21;5.39;;;
06/04/2025;SULFUROS;36.40;35.13;0.60;0.21;5.39;;;
06/04/2025;SULFUROS;30.08;29.03;0.60;0.21;5.39;;;
06/04/2025;SULFUROS;33.81;32.63;0.60;0.21;5.39;;;
06/04/2025;SULFUROS;32.22;31.09;0.74;0.22;4.13;;;
06/04/2025;SULFUROS;34.01;32.82;1.44;0.52;13.80;;;
06/04/2025;SULFUROS;31.99;30.87;1.44;0.52;13.80;;;
07/04/2025;SULFUROS;27.76;26.79;1.44;0.52;13.80;;;
07/04/2025;SULFUROS;35.15;33.92;1.44;0.52;13.80;;;
07/04/2025;SULFUROS;31.63;30.52;1.44;0.52;13.80;;;
07/04/2025;SULFUROS;35.00;33.78;1.44;0.52;13.80;;;
07/04/2025;SULFUROS;28.07;27.09;0.50;0.18;4.36;;;
07/04/2025;SULFUROS;35.27;34.04;0.50;0.18;4.36;;;
07/04/2025;SULFUROS;28.99;27.98;0.50;0.18;4.36;;;
07/04/2025;SULFUROS;38.49;37.14;0.50;0.18;4.36;;;
07/04/2025;SULFUROS;34.96;33.74;0.50;0.18;4.36;;;
07/04/2025;SULFUROS;32.83;31.68;0.50;0.18;4.36;;;
07/04/2025;SULFUROS;38.99;37.63;0.50;0.18;4.36;;;
07/04/2025;SULFUROS;37.03;35.73;0.50;0.18;4.36;;;
08/04/2025;SULFUROS;35.12;33.89;0.61;0.19;5.12;;;
08/04/2025;SULFUROS;34.36;33.16;0.61;0.19;5.12;;;
08/04/2025;SULFUROS;40.55;39.13;0.61;0.19;5.12;;;
08/04/2025;SULFUROS;41.57;40.12;0.61;0.19;5.12;;;
09/04/2025;SULFUROS;29.76;28.72;0.61;0.19;5.12;;;
09/04/2025;SULFUROS;37.24;35.94;0.61;0.19;5.12;;;
09/04/2025;SULFUROS;29.63;28.59;1.45;0.60;12.96;;;
09/04/2025;SULFUROS;34.45;33.24;1.45;0.60;12.96;;;
09/04/2025;SULFUROS;24.77;23.90;1.45;0.60;12.96;;;
09/04/2025;SULFUROS;35.91;34.65;1.45;0.60;12.96;;;
09/04/2025;SULFUROS;22.75;21.95;1.45;0.60;12.96;;;
09/04/2025;SULFUROS;24.93;24.06;1.45;0.60;12.96;;;
09/04/2025;SULFUROS;24.12;23.28;1.45;0.60;12.96;;;
09/04/2025;SULFUROS;37.13;35.83;1.45;0.60;12.96;;;
09/04/2025;SULFUROS;37.60;36.28;0.61;0.19;5.12;;;
09/04/2025;SULFUROS;28.00;27.02;1.06;0.17;11.24;;;
09/04/2025;SULFUROS;37.27;35.97;1.06;0.17;11.24;;;
09/04/2025;SULFUROS;38.07;36.74;1.06;0.17;11.24;;;
10/04/2025;SULFUROS;36.83;35.54;1.06;0.17;11.24;;;
10/04/2025;SULFUROS;27.34;26.38;1.06;0.17;11.24;;;
10/04/2025;SULFUROS;26.38;25.46;1.06;0.17;11.24;;;
11/04/2025;SULFUROS;30.14;29.09;1.12;0.21;10.80;;;
11/04/2025;SULFUROS;35.60;34.35;1.12;0.21;10.80;;;
11/04/2025;SULFUROS;37.99;36.66;1.12;0.21;10.80;;;
11/04/2025;SULFUROS;28.25;27.26;1.12;0.21;10.80;;;
11/04/2025;SULFUROS;36.20;34.93;1.12;0.21;10.80;;;
11/04/2025;SULFUROS;35.82;34.57;1.08;0.20;4.55;;;
11/04/2025;SULFUROS;33.70;32.52;1.08;0.20;4.55;;;
11/04/2025;SULFUROS;27.72;26.75;1.08;0.20;4.55;;;
11/04/2025;SULFUROS;26.26;25.34;1.08;0.20;4.55;;;
12/04/2025;SULFUROS;29.98;28.93;0.93;0.19;8.80;;;
12/04/2025;SULFUROS;25.77;24.87;0.93;0.19;8.80;;;
12/04/2025;SULFUROS;38.42;37.08;0.93;0.19;8.80;;;
12/04/2025;SULFUROS;27.07;26.12;0.93;0.19;8.80;;;
12/04/2025;SULFUROS;36.50;35.22;0.93;0.19;8.80;;;
12/04/2025;SULFUROS;36.79;35.50;0.93;0.19;8.80;;;
12/04/2025;SULFUROS;35.34;34.10;0.51;0.39;2.24;;;
12/04/2025;SULFUROS;35.57;34.33;0.51;0.39;2.24;;;
13/04/2025;SULFUROS;28.53;27.53;0.51;0.39;2.24;;;
13/04/2025;SULFUROS;27.78;26.81;0.93;0.19;8.80;;;
13/04/2025;SULFUROS;36.96;35.67;0.78;0.60;7.50;;;
13/04/2025;SULFUROS;40.83;39.40;0.78;0.60;7.50;;;
13/04/2025;SULFUROS;36.57;35.29;0.74;0.57;2.96;;;
13/04/2025;SULFUROS;35.56;34.32;0.74;0.57;2.96;;;
13/04/2025;SULFUROS;35.72;34.47;0.74;0.57;2.96;;;
13/04/2025;SULFUROS;30.12;29.07;0.74;0.57;2.96;;;
14/04/2025;SULFUROS;34.31;33.11;0.74;0.57;2.96;;;
14/04/2025;SULFUROS;37.12;35.82;0.74;0.57;2.96;;;
14/04/2025;SULFUROS;36.96;35.67;0.61;0.68;4.57;;;
14/04/2025;SULFUROS;36.10;34.84;0.61;0.68;4.57;;;
15/04/2025;SULFUROS;29.52;28.49;0.61;0.68;4.57;;;
15/04/2025;SULFUROS;27.69;26.72;0.61;0.68;4.57;;;
17/04/2025;SULFUROS;39.49;38.11;2.71;0.20;3.70;;;
17/04/2025;SULFUROS;39.29;37.91;2.71;0.20;3.70;;;
17/04/2025;SULFUROS;35.43;34.19;0.48;0.25;2.56;;;
17/04/2025;SULFUROS;33.54;32.37;0.48;0.25;2.56;;;
18/04/2025;SULFUROS;26.09;25.18;0.48;0.25;2.56;;;
18/04/2025;SULFUROS;34.44;33.23;0.48;0.25;2.56;;;
18/04/2025;SULFUROS;36.60;35.32;0.85;0.34;6.13;;;
18/04/2025;SULFUROS;31.54;30.44;0.85;0.34;6.13;;;
18/04/2025;SULFUROS;39.90;38.50;0.85;0.34;6.13;;;
18/04/2025;SULFUROS;41.43;39.98;0.85;0.34;6.13;;;
19/04/2025;SULFUROS;35.04;33.81;0.92;0.11;6.86;;;
19/04/2025;SULFUROS;38.45;37.10;0.92;0.11;6.86;;;
19/04/2025;SULFUROS;43.19;41.68;0.92;0.11;6.86;;;
21/04/2025;SULFUROS;26.67;25.74;0.73;0.33;9.47;;;
21/04/2025;SULFUROS;34.59;33.38;0.73;0.33;9.47;;;
21/04/2025;SULFUROS;40.80;39.37;0.73;0.33;9.47;;;
21/04/2025;SULFUROS;34.59;33.38;0.73;0.33;9.47;;;
21/04/2025;SULFUROS;38.42;37.08;0.49;0.10;4.68;;;
22/04/2025;SULFUROS;28.25;27.26;0.84;0.27;5.99;;;
22/04/2025;SULFUROS;33.15;31.99;0.84;0.27;5.99;;;
22/04/2025;SULFUROS;33.80;32.62;0.84;0.27;5.99;;;
22/04/2025;SULFUROS;31.64;30.53;0.84;0.27;5.99;;;
22/04/2025;SULFUROS;22.45;21.66;0.84;0.27;5.99;;;
22/04/2025;SULFUROS;36.23;34.96;0.49;0.10;4.68;;;
22/04/2025;SULFUROS;36.71;35.43;0.45;0.17;3.53;;;
22/04/2025;SULFUROS;39.29;37.91;0.45;0.17;3.53;;;
22/04/2025;SULFUROS;39.69;38.30;0.45;0.17;3.53;;;
22/04/2025;SULFUROS;31.35;30.25;0.45;0.17;3.53;;;
23/04/2025;SULFUROS;28.16;27.17;0.45;0.17;3.53;;;
23/04/2025;SULFUROS;33.24;32.08;0.84;0.18;9.00;;;
23/04/2025;SULFUROS;34.90;33.68;0.84;0.18;9.00;;;
23/04/2025;SULFUROS;34.58;33.37;0.84;0.18;9.00;;;
23/04/2025;SULFUROS;38.65;37.30;0.84;0.18;9.00;;;
24/04/2025;SULFUROS;27.69;26.72;0.81;0.40;7.81;;;
24/04/2025;SULFUROS;34.90;33.68;0.81;0.40;7.81;;;
24/04/2025;SULFUROS;32.11;30.99;0.81;0.40;7.81;;;
24/04/2025;SULFUROS;30.79;29.71;0.81;0.40;7.81;;;
25/04/2025;SULFUROS;40.64;39.22;1.00;0.38;6.15;;;
25/04/2025;SULFUROS;18.52;17.87;1.00;0.38;6.15;;;
25/04/2025;SULFUROS;42.80;41.30;1.00;0.38;6.15;;;
26/04/2025;SULFUROS;31.53;30.43;1.49;0.73;10.20;;;
26/04/2025;SULFUROS;21.27;20.53;1.49;0.73;10.20;;;
26/04/2025;SULFUROS;33.81;32.63;1.49;0.73;10.20;;;
30/04/2025;SULFUROS;35.83;34.58;1.43;0.53;14.28;;;
30/04/2025;SULFUROS;38.42;37.08;1.43;0.53;14.28;;;
30/04/2025;SULFUROS;37.49;36.18;1.43;0.53;14.28;;;
01/05/2025;SULFUROS;33.80;32.62;1.43;0.53;14.28;;;
01/05/2025;SULFUROS;42.19;40.71;1.43;0.53;14.28;;;
01/05/2025;SULFUROS;38.58;37.23;1.43;0.53;14.28;;;
02/05/2025;SULFUROS;38.86;37.50;1.43;0.53;14.28;;;
02/05/2025;SULFUROS;35.25;34.02;1.43;0.53;14.28;;;
02/05/2025;SULFUROS;37.69;36.37;1.43;0.53;14.28;;;
02/05/2025;SULFUROS;37.67;36.35;1.43;0.53;14.28;;;
02/05/2025;SULFUROS;34.38;33.18;1.07;0.38;8.40;;;
02/05/2025;SULFUROS;35.75;34.50;1.07;0.38;8.40;;;
02/05/2025;SULFUROS;34.64;33.43;1.07;0.38;8.40;;;
02/05/2025;SULFUROS;35.56;34.32;1.07;0.38;8.40;;;
03/05/2025;SULFUROS;34.78;33.56;1.07;0.38;8.40;;;
03/05/2025;SULFUROS;32.39;31.26;1.07;0.38;8.40;;;
03/05/2025;SULFUROS;37.42;36.11;1.07;0.38;8.40;;;
03/05/2025;SULFUROS;32.22;31.09;1.07;0.38;8.40;;;
03/05/2025;SULFUROS;36.40;35.13;1.07;0.38;8.40;;;
04/05/2025;SULFUROS;40.79;39.36;1.60;0.46;16.80;;;
04/05/2025;SULFUROS;36.36;35.09;1.60;0.46;16.80;;;
04/05/2025;SULFUROS;39.83;38.44;1.60;0.46;16.80;;;
04/05/2025;SULFUROS;34.88;33.66;1.60;0.46;16.80;;;
04/05/2025;SULFUROS;39.63;38.24;1.60;0.46;16.80;;;
04/05/2025;SULFUROS;37.92;36.59;1.60;0.46;16.80;;;
04/05/2025;SULFUROS;35.35;34.11;1.60;0.46;16.80;;;
04/05/2025;SULFUROS;39.40;38.02;1.60;0.46;16.80;;;
05/05/2025;SULFUROS;41.03;39.59;1.60;0.46;16.80;;;
05/05/2025;SULFUROS;34.68;33.47;1.60;0.46;16.80;;;
05/05/2025;SULFUROS;38.87;37.51;1.60;0.46;16.80;;;
05/05/2025;SULFUROS;37.95;36.62;1.23;0.36;10.98;;;
05/05/2025;SULFUROS;39.17;37.80;1.23;0.36;10.98;;;
05/05/2025;SULFUROS;36.28;35.01;1.23;0.36;10.98;;;
05/05/2025;SULFUROS;37.78;36.46;1.23;0.36;10.98;;;
05/05/2025;SULFUROS;42.20;40.72;1.23;0.36;10.98;;;
06/05/2025;SULFUROS;39.58;38.19;1.23;0.36;10.98;;;
06/05/2025;SULFUROS;35.05;33.82;1.60;0.46;16.80;;;
06/05/2025;SULFUROS;36.00;34.74;1.01;0.32;10.73;;;
06/05/2025;SULFUROS;36.90;35.61;0.75;0.53;7.46;;;
06/05/2025;SULFUROS;33.46;32.29;0.75;0.53;7.46;;;
06/05/2025;SULFUROS;32.02;30.90;1.60;0.46;16.80;;;
06/05/2025;SULFUROS;35.49;34.25;1.01;0.32;10.73;;;
06/05/2025;SULFUROS;37.45;36.14;1.01;0.32;10.73;;;
06/05/2025;SULFUROS;37.40;36.09;1.01;0.32;10.73;;;
07/05/2025;SULFUROS;31.89;30.77;1.01;0.32;10.73;;;
07/05/2025;SULFUROS;34.12;32.93;1.01;0.32;10.73;;;
07/05/2025;SULFUROS;38.53;37.18;1.01;0.32;10.73;;;
07/05/2025;SULFUROS;38.36;37.02;1.01;0.32;10.73;;;
07/05/2025;SULFUROS;34.93;33.71;1.00;0.62;8.01;;;
07/05/2025;SULFUROS;34.73;33.51;1.00;0.62;8.01;;;
08/05/2025;SULFUROS;37.67;36.35;0.64;0.85;6.95;;;
08/05/2025;SULFUROS;36.21;34.94;0.64;0.85;6.95;;;
10/05/2025;SULFUROS;29.93;28.88;0.62;0.22;4.00;;;
10/05/2025;SULFUROS;36.04;34.78;0.62;0.22;4.00;;;
10/05/2025;SULFUROS;33.95;32.76;0.62;0.22;4.00;;;
10/05/2025;SULFUROS;38.81;37.45;0.62;0.22;4.00;;;
10/05/2025;SULFUROS;27.72;26.75;0.62;0.22;4.00;;;
10/05/2025;SULFUROS;37.46;36.15;0.62;0.22;4.00;;;
10/05/2025;SULFUROS;37.83;36.51;1.12;0.50;9.59;;;
10/05/2025;SULFUROS;35.09;33.86;1.12;0.50;9.59;;;
10/05/2025;SULFUROS;34.68;33.47;1.12;0.50;9.59;;;
11/05/2025;SULFUROS;25.28;24.40;1.18;0.22;10.91;;;
11/05/2025;SULFUROS;36.99;35.70;1.18;0.22;10.91;;;
11/05/2025;SULFUROS;38.01;36.68;1.18;0.22;10.91;;;
11/05/2025;SULFUROS;36.37;35.10;1.18;0.22;10.91;;;
11/05/2025;SULFUROS;30.17;29.11;1.18;0.22;10.91;;;
11/05/2025;SULFUROS;27.44;26.48;1.18;0.22;10.91;;;
11/05/2025;SULFUROS;36.23;34.96;1.18;0.22;10.91;;;
11/05/2025;SULFUROS;33.59;32.41;1.18;0.22;10.91;;;
11/05/2025;SULFUROS;35.30;34.06;1.18;0.22;10.91;;;
11/05/2025;SULFUROS;34.07;32.88;1.18;0.22;10.91;;;
11/05/2025;SULFUROS;28.96;27.95;1.18;0.22;10.91;;;
12/05/2025;SULFUROS;35.23;34.00;1.18;0.22;10.91;;;
12/05/2025;SULFUROS;34.98;33.76;1.18;0.22;10.91;;;
12/05/2025;SULFUROS;28.56;27.56;1.18;0.22;10.91;;;
12/05/2025;SULFUROS;35.77;34.52;1.18;0.22;10.91;;;
12/05/2025;SULFUROS;39.54;38.16;1.71;0.13;14.83;;;
12/05/2025;SULFUROS;42.41;40.93;1.71;0.13;14.83;;;
12/05/2025;SULFUROS;32.15;31.02;1.71;0.13;14.83;;;
12/05/2025;SULFUROS;35.62;34.37;1.71;0.13;14.83;;;
12/05/2025;SULFUROS;34.79;33.57;1.71;0.13;14.83;;;
12/05/2025;SULFUROS;38.06;36.73;1.71;0.13;14.83;;;
13/05/2025;SULFUROS;37.27;35.97;1.71;0.13;14.83;;;
13/05/2025;SULFUROS;36.17;34.90;1.71;0.13;14.83;;;
13/05/2025;SULFUROS;29.53;28.50;1.71;0.13;14.83;;;
13/05/2025;SULFUROS;34.20;33.00;0.92;0.53;9.50;;;
13/05/2025;SULFUROS;30.64;29.57;0.92;0.53;9.50;;;
13/05/2025;SULFUROS;31.19;30.10;0.92;0.53;9.50;;;
13/05/2025;SULFUROS;39.39;38.01;0.92;0.53;9.50;;;
13/05/2025;SULFUROS;40.62;39.20;0.92;0.53;9.50;;;
13/05/2025;SULFUROS;38.20;36.86;0.92;0.53;9.50;;;
14/05/2025;SULFUROS;38.93;37.57;0.92;0.53;9.50;;;
14/05/2025;SULFUROS;37.38;36.07;0.92;0.53;9.50;;;
14/05/2025;SULFUROS;29.60;28.56;0.92;0.53;9.50;;;
14/05/2025;SULFUROS;38.92;37.56;0.60;1.87;3.33;;;
14/05/2025;SULFUROS;30.64;29.57;0.60;1.87;3.33;;;
14/05/2025;SULFUROS;32.59;31.45;0.60;1.87;3.33;;;
14/05/2025;SULFUROS;36.10;34.84;0.60;1.87;3.33;;;
14/05/2025;SULFUROS;37.23;35.93;1.46;0.87;12.56;;;
14/05/2025;SULFUROS;36.56;35.28;1.46;0.87;12.56;;;
16/05/2025;SULFUROS;41.44;39.99;0.66;0.65;7.04;;;
18/05/2025;SULFUROS;35.75;34.50;0.97;0.93;7.60;;;
18/05/2025;SULFUROS;35.65;34.40;0.97;0.93;7.60;;;
18/05/2025;SULFUROS;37.57;36.26;0.97;0.93;7.60;;;
18/05/2025;SULFUROS;30.41;29.35;0.97;0.93;7.60;;;
18/05/2025;SULFUROS;38.76;37.40;0.97;0.93;7.60;;;
18/05/2025;SULFUROS;33.55;32.38;0.97;0.93;7.60;;;
18/05/2025;SULFUROS;36.07;34.81;0.97;0.93;7.60;;;
19/05/2025;SULFUROS;25.95;25.04;0.97;0.93;7.60;;;
19/05/2025;SULFUROS;32.80;31.65;0.97;0.93;7.60;;;
19/05/2025;SULFUROS;28.79;27.78;0.97;0.93;7.60;;;
19/05/2025;SULFUROS;31.81;30.70;0.97;0.93;7.60;;;
19/05/2025;SULFUROS;36.99;35.70;0.74;0.42;6.64;;;
19/05/2025;SULFUROS;35.58;34.33;0.74;0.42;6.64;;;
19/05/2025;SULFUROS;36.07;34.81;0.74;0.42;6.64;;;
19/05/2025;SULFUROS;36.22;34.95;0.74;0.42;6.64;;;
20/05/2025;SULFUROS;27.45;26.49;0.74;0.42;6.64;;;
20/05/2025;SULFUROS;38.40;37.06;0.74;0.42;6.64;;;
20/05/2025;SULFUROS;30.48;29.41;0.74;0.42;6.64;;;
20/05/2025;SULFUROS;29.54;28.51;0.74;0.42;6.64;;;
20/05/2025;SULFUROS;27.93;26.95;0.74;0.42;6.64;;;
20/05/2025;SULFUROS;25.52;24.63;0.74;0.42;6.64;;;
20/05/2025;SULFUROS;32.80;31.65;1.28;0.38;6.16;;;
20/05/2025;SULFUROS;29.72;28.68;1.28;0.38;6.16;;;
20/05/2025;SULFUROS;39.58;38.19;1.28;0.38;6.16;;;
20/05/2025;SULFUROS;38.82;37.46;1.28;0.38;6.16;;;
20/05/2025;SULFUROS;37.42;36.11;1.28;0.38;6.16;;;
20/05/2025;SULFUROS;37.62;36.30;1.28;0.38;6.16;;;
20/05/2025;SULFUROS;37.99;36.66;1.28;0.38;6.16;;;
20/05/2025;SULFUROS;38.82;37.46;1.28;0.38;6.16;;;
21/05/2025;SULFUROS;34.67;33.46;1.28;0.38;6.16;;;
21/05/2025;SULFUROS;26.02;25.11;1.28;0.38;6.16;;;
21/05/2025;SULFUROS;31.37;30.27;1.28;0.38;6.16;;;
21/05/2025;SULFUROS;26.63;25.70;1.28;0.38;6.16;;;
21/05/2025;SULFUROS;31.66;30.55;1.28;0.38;6.16;;;
21/05/2025;SULFUROS;27.24;26.29;1.28;0.38;6.16;;;
21/05/2025;SULFUROS;32.29;31.16;1.28;0.38;6.16;;;
21/05/2025;SULFUROS;35.85;34.60;1.28;0.38;6.16;;;
21/05/2025;SULFUROS;36.10;34.84;1.28;0.38;6.16;;;
21/05/2025;SULFUROS;36.71;35.43;1.28;0.38;6.16;;;
21/05/2025;SULFUROS;37.04;35.74;1.28;0.38;6.16;;;
21/05/2025;SULFUROS;27.23;26.28;1.28;0.38;6.16;;;
22/05/2025;SULFUROS;27.58;26.61;1.28;0.38;6.16;;;
22/05/2025;SULFUROS;34.28;33.08;1.28;0.38;6.16;;;
22/05/2025;SULFUROS;32.22;31.09;3.17;0.38;8.51;;;
22/05/2025;SULFUROS;29.13;28.11;2.85;0.38;8.51;;;
22/05/2025;SULFUROS;37.21;35.91;2.85;0.38;8.51;;;
22/05/2025;SULFUROS;28.86;27.85;2.85;0.38;8.51;;;
22/05/2025;SULFUROS;27.43;26.47;2.85;0.38;8.51;;;
22/05/2025;SULFUROS;34.98;33.76;2.85;0.38;8.51;;;
22/05/2025;SULFUROS;36.17;34.90;2.85;0.38;8.51;;;
22/05/2025;SULFUROS;36.11;34.85;2.85;0.38;8.51;;;
22/05/2025;SULFUROS;37.64;36.32;2.85;0.38;8.51;;;
22/05/2025;SULFUROS;35.83;34.58;2.85;0.38;8.51;;;
22/05/2025;SULFUROS;37.47;36.16;2.85;0.38;8.51;;;
22/05/2025;SULFUROS;33.60;32.42;2.85;0.38;8.51;;;
22/05/2025;SULFUROS;27.35;26.39;2.46;0.35;6.12;;;
23/05/2025;SULFUROS;37.53;36.22;2.46;0.35;6.12;;;
23/05/2025;SULFUROS;35.44;34.20;2.46;0.35;6.12;;;
23/05/2025;SULFUROS;29.16;28.14;2.46;0.35;6.12;;;
23/05/2025;SULFUROS;34.84;33.62;2.46;0.35;6.12;;;
23/05/2025;SULFUROS;33.48;32.31;2.46;0.35;6.12;;;
23/05/2025;SULFUROS;28.24;27.25;2.46;0.35;6.12;;;
23/05/2025;SULFUROS;39.97;38.57;2.46;0.35;6.12;;;
23/05/2025;SULFUROS;39.92;38.52;2.46;0.35;6.12;;;
23/05/2025;SULFUROS;28.96;27.95;2.46;0.35;6.12;;;
24/05/2025;SULFUROS;31.81;30.70;0.81;1.00;1.95;;;
24/05/2025;SULFUROS;31.49;30.39;0.81;1.00;1.95;;;
23/05/2025;SULFUROS;40.72;39.29;1.69;0.50;10.54;;;
26/05/2025;SULFUROS;27.59;26.62;0.44;0.20;6.01;;;
26/05/2025;SULFUROS;38.03;36.70;1.01;0.85;6.01;;;
26/05/2025;SULFUROS;40.21;38.80;1.01;0.85;6.01;;;
26/05/2025;SULFUROS;32.70;31.56;0.64;1.37;4.16;;;
26/05/2025;SULFUROS;36.03;34.77;0.64;1.37;4.16;;;
26/05/2025;SULFUROS;36.75;35.46;0.64;1.37;4.16;;;
26/05/2025;SULFUROS;35.52;34.28;0.64;1.37;4.16;;;
26/05/2025;SULFUROS;34.93;33.71;0.64;1.37;4.16;;;
26/05/2025;SULFUROS;37.69;36.37;0.64;1.37;4.16;;;
26/05/2025;SULFUROS;36.27;35.00;0.64;1.37;4.16;;;
26/05/2025;SULFUROS;31.45;30.35;0.64;1.37;4.16;;;
27/05/2025;SULFUROS;30.74;29.66;1.16;0.61;9.85;;;
27/05/2025;SULFUROS;38.44;37.09;1.16;0.61;9.85;;;
27/05/2025;SULFUROS;35.78;34.53;1.16;0.61;9.85;;;
27/05/2025;SULFUROS;38.42;37.08;1.16;0.61;9.85;;;
27/05/2025;SULFUROS;37.61;36.29;1.16;0.61;9.85;;;
27/05/2025;SULFUROS;30.55;29.48;1.16;0.61;9.85;;;
27/05/2025;SULFUROS;35.76;34.51;1.16;0.61;9.85;;;
27/05/2025;SULFUROS;37.18;35.88;1.16;0.61;9.85;;;
27/05/2025;SULFUROS;35.43;34.19;1.16;0.61;9.85;;;
27/05/2025;SULFUROS;37.37;36.06;1.16;0.61;9.85;;;
27/05/2025;SULFUROS;35.44;34.20;1.16;0.61;9.85;;;
27/05/2025;SULFUROS;35.66;34.41;1.16;0.61;9.85;;;
27/05/2025;SULFUROS;29.99;28.94;1.16;0.61;9.85;;;
27/05/2025;SULFUROS;35.66;34.41;4.40;0.63;3.46;;;
27/05/2025;SULFUROS;34.80;33.58;4.40;0.63;3.46;;;
27/05/2025;SULFUROS;34.66;33.45;4.40;0.63;3.46;;;
27/05/2025;SULFUROS;33.13;31.97;4.40;0.63;3.46;;;
27/05/2025;SULFUROS;26.31;25.39;4.40;0.63;3.46;;;
28/05/2025;SULFUROS;30.07;29.02;0.52;2.27;4.54;;;
28/05/2025;SULFUROS;35.11;33.88;0.52;2.27;4.54;;;
28/05/2025;SULFUROS;37.29;35.98;0.52;2.27;4.54;;;
28/05/2025;SULFUROS;36.90;35.61;0.52;2.27;4.54;;;
28/05/2025;SULFUROS;27.70;26.73;0.78;0.33;8.54;;;
28/05/2025;SULFUROS;28.80;27.79;0.78;0.33;8.54;;;
28/05/2025;SULFUROS;35.54;34.30;0.64;1.37;4.16;;;
28/05/2025;SULFUROS;39.06;37.69;0.78;0.33;8.54;;;
28/05/2025;SULFUROS;38.61;37.26;0.78;0.33;8.54;;;
28/05/2025;SULFUROS;32.52;31.38;0.78;0.33;8.54;;;
28/05/2025;SULFUROS;37.93;36.60;0.78;0.33;8.54;;;
29/05/2025;SULFUROS;33.97;32.78;0.78;0.33;8.54;;;
28/05/2025;SULFUROS;36.63;35.35;0.78;0.33;8.54;;;
29/05/2025;SULFUROS;28.70;27.70;0.78;0.33;8.54;;;
29/05/2025;SULFUROS;35.26;34.03;1.14;0.32;12.72;;;
29/05/2025;SULFUROS;36.93;35.64;1.14;0.32;12.72;;;
29/05/2025;SULFUROS;33.55;32.38;1.14;0.32;12.72;;;
29/05/2025;SULFUROS;32.42;31.29;1.14;0.32;12.72;;;
30/05/2025;SULFUROS;37.08;35.78;1.29;0.39;13.47;;;
30/05/2025;SULFUROS;31.21;30.12;1.29;0.39;13.47;;;
30/05/2025;SULFUROS;37.55;36.24;1.29;0.39;13.47;;;
30/05/2025;SULFUROS;36.49;35.21;1.29;0.39;13.47;;;
30/05/2025;SULFUROS;30.77;29.69;1.29;0.39;13.47;;;
30/05/2025;SULFUROS;37.08;35.78;1.29;0.39;13.47;;;
30/05/2025;SULFUROS;35.02;33.79;1.29;0.39;13.47;;;
30/05/2025;SULFUROS;37.87;36.54;1.29;0.39;13.47;;;
30/05/2025;SULFUROS;37.35;36.04;1.29;0.39;13.47;;;
30/05/2025;SULFUROS;28.59;27.59;1.29;0.39;13.47;;;
31/05/2025;SULFUROS;29.26;28.24;1.02;0.43;14.08;;;
31/05/2025;SULFUROS;29.37;28.34;1.02;0.43;14.08;;;
31/05/2025;SULFUROS;34.11;32.92;1.02;0.43;14.08;;;
31/05/2025;SULFUROS;36.04;34.78;1.02;0.43;14.08;;;
31/05/2025;SULFUROS;31.50;30.40;1.02;0.43;14.08;;;
31/05/2025;SULFUROS;34.46;33.25;1.02;0.43;14.08;;;
31/05/2025;SULFUROS;27.92;26.94;1.02;0.43;14.08;;;
31/05/2025;SULFUROS;33.22;32.06;1.02;0.43;14.08;;;
31/05/2025;SULFUROS;28.21;27.22;1.02;0.43;14.08;;;
31/05/2025;SULFUROS;41.72;40.26;1.02;0.43;14.08;;;
01/06/2025;SULFUROS;35.81;34.56;1.76;0.56;22.42;;;
01/06/2025;SULFUROS;30.43;29.36;1.76;0.56;22.42;;;
01/06/2025;SULFUROS;27.91;26.93;1.76;0.56;22.42;;;
01/06/2025;SULFUROS;33.55;32.38;1.76;0.56;22.42;;;
01/06/2025;SULFUROS;30.45;29.38;1.76;0.56;22.42;;;
01/06/2025;SULFUROS;35.66;34.41;1.76;0.56;22.42;;;
01/06/2025;SULFUROS;37.86;36.53;1.76;0.56;22.42;;;
01/06/2025;SULFUROS;33.08;31.92;1.76;0.56;22.42;;;
01/06/2025;SULFUROS;36.99;35.70;1.76;0.56;22.42;;;
01/06/2025;SULFUROS;32.60;31.46;1.76;0.56;22.42;;;
01/06/2025;SULFUROS;30.57;29.50;1.76;0.56;22.42;;;
02/06/2025;SULFUROS;36.95;35.66;1.76;0.56;22.42;;;
02/06/2025;SULFUROS;36.57;35.29;1.23;0.23;5.21;;;
02/06/2025;SULFUROS;28.34;27.35;1.23;0.23;5.21;;;
02/06/2025;SULFUROS;35.65;34.40;1.76;0.56;22.42;;;
02/06/2025;SULFUROS;35.29;34.05;1.76;0.56;22.42;;;
02/06/2025;SULFUROS;35.86;34.60;1.76;0.56;22.42;;;
02/06/2025;SULFUROS;36.83;35.54;1.76;0.56;22.42;;;
02/06/2025;SULFUROS;36.66;35.38;1.76;0.56;22.42;;;
02/06/2025;SULFUROS;34.61;33.40;1.76;0.56;22.42;;;
02/06/2025;SULFUROS;27.37;26.41;1.76;0.56;22.42;;;
02/06/2025;SULFUROS;37.70;36.38;1.76;0.56;22.42;;;
02/06/2025;SULFUROS;37.44;36.13;1.76;0.56;22.42;;;
03/06/2025;SULFUROS;29.85;28.81;1.76;0.56;22.42;;;
03/06/2025;SULFUROS;28.09;27.11;1.76;0.56;22.42;;;
03/06/2025;SULFUROS;28.64;27.64;1.76;0.56;22.42;;;
03/06/2025;SULFUROS;38.33;36.99;1.76;0.56;22.42;;;
03/06/2025;SULFUROS;36.90;35.61;1.76;0.56;22.42;;;
03/06/2025;SULFUROS;29.48;28.45;1.76;0.56;22.42;;;
03/06/2025;SULFUROS;36.19;34.92;1.76;0.56;22.42;;;
03/06/2025;SULFUROS;33.97;32.78;1.76;0.56;22.42;;;
03/06/2025;SULFUROS;32.69;31.55;1.76;0.56;22.42;;;
03/06/2025;SULFUROS;28.04;27.06;0.45;0.36;13.58;;;
03/06/2025;SULFUROS;32.44;31.30;1.51;0.50;23.73;;;
03/06/2025;SULFUROS;33.71;32.53;1.51;0.50;23.73;;;
03/06/2025;SULFUROS;35.77;34.52;1.51;0.50;23.73;;;
03/06/2025;SULFUROS;29.00;27.99;1.51;0.50;23.73;;;
04/06/2025;SULFUROS;35.50;34.26;1.51;0.50;23.73;;;
04/06/2025;SULFUROS;36.80;35.51;1.51;0.50;23.73;;;
04/06/2025;SULFUROS;28.71;27.71;1.51;0.50;23.73;;;
04/06/2025;SULFUROS;38.73;37.37;1.51;0.50;23.73;;;
04/06/2025;SULFUROS;34.62;33.41;0.45;0.36;13.58;;;
04/06/2025;SULFUROS;36.94;35.65;1.51;0.50;23.73;;;
04/06/2025;SULFUROS;33.98;32.79;1.51;0.50;23.73;;;
04/06/2025;SULFUROS;35.56;34.32;1.51;0.50;23.73;;;
04/06/2025;SULFUROS;28.09;27.11;1.51;0.50;23.73;;;
05/06/2025;SULFUROS;28.83;27.82;0.90;0.40;11.84;;;
05/06/2025;SULFUROS;31.60;30.49;0.90;0.40;11.84;;;
05/06/2025;SULFUROS;28.23;27.24;0.90;0.40;11.84;;;
05/06/2025;SULFUROS;37.56;36.25;0.90;0.40;11.84;;;
05/06/2025;SULFUROS;26.38;25.46;0.90;0.40;11.84;;;
05/06/2025;SULFUROS;34.45;33.24;1.45;0.53;20.06;;;
05/06/2025;SULFUROS;34.73;33.51;1.44;0.63;18.94;;;
05/06/2025;SULFUROS;28.05;27.07;1.44;0.63;18.94;;;
05/06/2025;SULFUROS;29.28;28.26;1.44;0.63;18.94;;;
06/06/2025;SULFUROS;31.09;30.00;1.44;0.63;18.94;;;
06/06/2025;SULFUROS;33.64;32.46;1.44;0.63;18.94;;;
06/06/2025;SULFUROS;34.88;33.66;1.44;0.63;18.94;;;
06/06/2025;SULFUROS;37.52;36.21;1.44;0.63;18.94;;;
06/06/2025;SULFUROS;36.49;35.21;1.44;0.63;18.94;;;
06/06/2025;SULFUROS;29.84;28.80;1.44;0.63;18.94;;;
06/06/2025;SULFUROS;29.38;28.35;1.44;0.63;18.94;;;
06/06/2025;SULFUROS;27.99;27.01;1.44;0.63;18.94;;;
06/06/2025;SULFUROS;36.37;35.10;1.44;0.63;18.94;;;
06/06/2025;SULFUROS;35.81;34.56;1.44;0.63;18.94;;;
06/06/2025;SULFUROS;34.27;33.07;1.44;0.63;18.94;;;
06/06/2025;SULFUROS;28.66;27.66;1.44;0.63;18.94;;;
06/06/2025;SULFUROS;28.53;27.53;1.44;0.63;18.94;;;
06/06/2025;SULFUROS;33.99;32.80;1.44;0.63;18.94;;;
06/06/2025;SULFUROS;27.51;26.55;1.44;0.63;18.94;;;
07/06/2025;SULFUROS;29.69;28.65;1.44;0.63;18.94;;;
07/06/2025;SULFUROS;28.66;27.66;1.64;0.81;22.75;;;
07/06/2025;SULFUROS;29.71;28.67;1.64;0.81;22.75;;;
07/06/2025;SULFUROS;30.53;29.46;1.64;0.81;22.75;;;
07/06/2025;SULFUROS;39.53;38.15;1.64;0.81;22.75;;;
07/06/2025;SULFUROS;24.82;23.95;1.64;0.81;22.75;;;
07/06/2025;SULFUROS;37.08;35.78;1.64;0.81;22.75;;;
07/06/2025;SULFUROS;27.62;26.65;1.64;0.81;22.75;;;
07/06/2025;SULFUROS;34.17;32.97;1.64;0.81;22.75;;;
07/06/2025;SULFUROS;27.85;26.88;1.64;0.81;22.75;;;
07/06/2025;SULFUROS;33.99;32.80;1.64;0.81;22.75;;;
08/06/2025;SULFUROS;29.66;28.62;1.64;0.81;22.75;;;
08/06/2025;SULFUROS;27.72;26.75;1.64;0.81;22.75;;;
08/06/2025;SULFUROS;35.42;34.18;1.64;0.81;22.75;;;
08/06/2025;SULFUROS;35.92;34.66;1.64;0.81;22.75;;;
08/06/2025;SULFUROS;28.42;27.43;1.64;0.81;22.75;;;
08/06/2025;SULFUROS;33.33;32.16;1.64;0.81;22.75;;;
08/06/2025;SULFUROS;38.28;36.94;1.64;0.81;22.75;;;
08/06/2025;SULFUROS;36.61;35.33;1.64;0.81;22.75;;;
08/06/2025;SULFUROS;39.15;37.78;1.64;0.81;22.75;;;
08/06/2025;SULFUROS;27.24;26.29;1.64;0.81;22.75;;;
08/06/2025;SULFUROS;37.68;36.36;1.64;0.81;22.75;;;
08/06/2025;SULFUROS;23.94;23.10;1.64;0.81;22.75;;;
08/06/2025;SULFUROS;35.80;34.55;1.64;0.81;22.75;;;
08/06/2025;SULFUROS;37.87;36.54;1.64;0.81;22.75;;;
09/06/2025;SULFUROS;29.73;28.69;1.64;0.81;22.75;;;
09/06/2025;SULFUROS;40.08;38.68;1.64;0.81;22.75;;;
09/06/2025;SULFUROS;25.49;24.60;1.64;0.81;22.75;;;
09/06/2025;SULFUROS;29.05;28.03;1.64;0.81;22.75;;;
09/06/2025;SULFUROS;36.74;35.45;1.64;0.81;22.75;;;
09/06/2025;SULFUROS;27.61;26.64;1.64;0.81;22.75;;;
09/06/2025;SULFUROS;38.96;37.60;1.64;0.81;22.75;;;
09/06/2025;SULFUROS;29.65;28.61;1.64;0.81;22.75;;;
09/06/2025;SULFUROS;33.25;32.09;1.47;0.47;19.64;;;
09/06/2025;SULFUROS;33.54;32.37;1.47;0.47;19.64;;;
09/06/2025;SULFUROS;24.03;23.19;1.47;0.47;19.64;;;
09/06/2025;SULFUROS;24.55;23.69;1.47;0.47;19.64;;;
09/06/2025;SULFUROS;37.58;36.26;1.47;0.47;19.64;;;
10/06/2025;SULFUROS;35.04;33.81;1.47;0.47;19.64;;;
10/06/2025;SULFUROS;36.43;35.15;1.47;0.47;19.64;;;
10/06/2025;SULFUROS;29.34;28.31;1.47;0.47;19.64;;;
10/06/2025;SULFUROS;36.86;35.57;1.47;0.47;19.64;;;
10/06/2025;SULFUROS;27.97;26.99;1.47;0.47;19.64;;;
10/06/2025;SULFUROS;31.63;30.52;1.47;0.47;19.64;;;
10/06/2025;SULFUROS;36.47;35.19;1.47;0.47;19.64;;;
10/06/2025;SULFUROS;35.39;34.15;1.56;0.31;21.82;;;
10/06/2025;SULFUROS;25.23;24.35;1.47;0.47;19.64;;;
10/06/2025;SULFUROS;34.94;33.72;1.56;0.31;21.82;;;
10/06/2025;SULFUROS;36.60;35.32;1.56;0.31;21.82;;;
11/06/2025;SULFUROS;36.84;35.55;1.56;0.31;21.82;;;
11/06/2025;SULFUROS;24.26;23.41;1.56;0.31;21.82;;;
11/06/2025;SULFUROS;28.04;27.06;1.56;0.31;21.82;;;
11/06/2025;SULFUROS;31.28;30.19;1.56;0.31;21.82;;;
11/06/2025;SULFUROS;36.40;35.13;1.56;0.31;21.82;;;
11/06/2025;SULFUROS;29.29;28.26;1.56;0.31;21.82;;;
11/06/2025;SULFUROS;37.91;36.58;1.56;0.31;21.82;;;
11/06/2025;SULFUROS;38.08;36.75;1.56;0.31;21.82;;;
12/06/2025;SULFUROS;29.70;28.66;1.56;0.31;21.82;;;
12/06/2025;SULFUROS;36.51;35.23;1.56;0.31;21.82;;;
12/06/2025;SULFUROS;27.28;26.33;1.56;0.31;21.82;;;
12/06/2025;SULFUROS;37.43;36.12;1.56;0.31;21.82;;;
12/06/2025;SULFUROS;27.32;26.36;1.56;0.31;21.82;;;
12/06/2025;SULFUROS;25.90;24.99;1.56;0.31;21.82;;;
12/06/2025;SULFUROS;36.95;35.66;1.49;0.24;16.38;;;
12/06/2025;SULFUROS;37.56;36.25;1.49;0.24;16.38;;;
12/06/2025;SULFUROS;31.31;30.21;1.49;0.24;16.38;;;
12/06/2025;SULFUROS;27.77;26.80;1.49;0.24;16.38;;;
13/06/2025;SULFUROS;33.55;32.38;1.49;0.24;16.38;;;
13/06/2025;SULFUROS;35.07;33.84;1.49;0.24;16.38;;;
13/06/2025;SULFUROS;27.49;26.53;1.49;0.24;16.38;;;
13/06/2025;SULFUROS;27.11;26.16;1.49;0.24;16.38;;;
14/06/2025;SULFUROS;35.50;34.26;0.59;0.05;3.40;;;
14/06/2025;SULFUROS;26.55;25.62;0.59;0.05;3.40;;;
14/06/2025;SULFUROS;27.73;26.76;0.59;0.05;3.40;;;
14/06/2025;SULFUROS;35.98;34.72;1.72;0.55;15.92;;;
14/06/2025;SULFUROS;26.20;25.28;1.72;0.55;15.92;;;
14/06/2025;SULFUROS;26.46;25.53;1.72;0.55;15.92;;;
14/06/2025;SULFUROS;25.51;24.62;1.72;0.55;15.92;;;
14/06/2025;SULFUROS;36.32;35.05;1.72;0.55;15.92;;;
14/06/2025;SULFUROS;27.63;26.66;1.72;0.55;15.92;;;
15/06/2025;SULFUROS;28.29;27.30;1.72;0.55;15.92;;;
15/06/2025;SULFUROS;35.81;34.56;1.72;0.55;15.92;;;
15/06/2025;SULFUROS;31.16;30.07;1.72;0.55;15.92;;;
15/06/2025;SULFUROS;26.35;25.43;1.72;0.55;15.92;;;
15/06/2025;SULFUROS;35.52;34.28;1.72;0.55;15.92;;;
15/06/2025;SULFUROS;32.70;31.56;1.72;0.55;15.92;;;
15/06/2025;SULFUROS;26.74;25.80;1.72;0.55;15.92;;;
15/06/2025;SULFUROS;27.97;26.99;1.72;0.55;15.92;;;
15/06/2025;SULFUROS;27.38;26.42;1.72;0.55;15.92;;;
15/06/2025;SULFUROS;36.26;34.99;1.72;0.55;15.92;;;
15/06/2025;SULFUROS;26.32;25.40;1.72;0.55;15.92;;;
15/06/2025;SULFUROS;27.11;26.16;1.72;0.55;15.92;;;
15/06/2025;SULFUROS;36.19;34.92;1.72;0.55;15.92;;;
15/06/2025;SULFUROS;28.82;27.81;1.72;0.55;15.92;;;
16/06/2025;SULFUROS;27.60;26.63;1.72;0.55;15.92;;;
16/06/2025;SULFUROS;36.19;34.92;1.72;0.55;15.92;;;
16/06/2025;SULFUROS;29.96;28.91;1.72;0.55;15.92;;;
16/06/2025;SULFUROS;28.68;27.68;1.61;0.67;19.49;;;
16/06/2025;SULFUROS;35.46;34.22;1.61;0.67;19.49;;;
17/06/2025;SULFUROS;29.85;28.81;1.61;0.67;19.49;;;
17/06/2025;SULFUROS;38.25;36.91;1.61;0.67;19.49;;;
17/06/2025;SULFUROS;25.18;24.30;1.61;0.67;19.49;;;
17/06/2025;SULFUROS;28.52;27.52;1.61;0.67;19.49;;;
17/06/2025;SULFUROS;31.27;30.18;1.61;0.67;19.49;;;
17/06/2025;SULFUROS;39.30;37.92;1.61;0.67;19.49;;;
17/06/2025;SULFUROS;27.29;26.33;1.61;0.67;19.49;;;
17/06/2025;SULFUROS;29.41;28.38;1.61;0.67;19.49;;;
17/06/2025;SULFUROS;26.41;25.49;1.61;0.67;19.49;;;
18/06/2025;SULFUROS;25.98;25.07;1.61;0.67;19.49;;;
18/06/2025;SULFUROS;25.19;24.31;1.61;0.67;19.49;;;
18/06/2025;SULFUROS;30.87;29.79;1.61;0.67;19.49;;;
18/06/2025;SULFUROS;29.10;28.08;1.61;0.67;19.49;;;
18/06/2025;SULFUROS;34.67;33.46;1.61;0.67;19.49;;;
18/06/2025;SULFUROS;25.93;25.02;1.61;0.67;19.49;;;
18/06/2025;SULFUROS;31.72;30.61;1.61;0.67;19.49;;;
18/06/2025;SULFUROS;24.32;23.47;1.29;0.81;16.07;;;
18/06/2025;SULFUROS;39.27;37.90;1.29;0.81;16.07;;;
18/06/2025;SULFUROS;32.18;31.05;1.29;0.81;16.07;;;
18/06/2025;SULFUROS;42.61;41.12;1.29;0.81;16.07;;;
19/06/2025;SULFUROS;36.05;34.79;1.29;0.81;16.07;;;
19/06/2025;SULFUROS;26.98;26.04;1.84;1.45;29.49;;;
19/06/2025;SULFUROS;27.69;26.72;1.29;0.81;16.07;;;
19/06/2025;SULFUROS;31.10;30.01;1.84;1.45;29.49;;;
19/06/2025;SULFUROS;24.74;23.87;1.84;1.45;29.49;;;
19/06/2025;SULFUROS;25.84;24.94;1.84;1.45;29.49;;;
19/06/2025;SULFUROS;32.53;31.39;1.84;1.45;29.49;;;
19/06/2025;SULFUROS;25.53;24.64;1.84;1.45;29.49;;;
19/06/2025;SULFUROS;37.38;36.07;1.84;1.45;29.49;;;
19/06/2025;SULFUROS;26.97;26.03;1.84;1.45;29.49;;;
19/06/2025;SULFUROS;30.24;29.18;1.84;1.45;29.49;;;
19/06/2025;SULFUROS;33.92;32.73;1.84;1.45;29.49;;;
19/06/2025;SULFUROS;25.17;24.29;1.84;1.45;29.49;;;
19/06/2025;SULFUROS;27.27;26.32;1.84;1.45;29.49;;;
19/06/2025;SULFUROS;29.13;28.11;1.84;1.45;29.49;;;
20/06/2025;SULFUROS;28.32;27.33;1.84;1.45;29.49;;;
20/06/2025;SULFUROS;37.70;36.38;1.84;1.45;29.49;;;
20/06/2025;SULFUROS;30.67;29.60;1.84;1.45;29.49;;;
20/06/2025;SULFUROS;27.35;26.39;1.84;1.45;29.49;;;
20/06/2025;SULFUROS;25.06;24.18;1.84;1.45;29.49;;;
20/06/2025;SULFUROS;26.59;25.66;1.84;1.45;29.49;;;
20/06/2025;SULFUROS;36.10;34.84;1.84;1.45;29.49;;;
20/06/2025;SULFUROS;39.90;38.50;1.84;1.45;29.49;;;
20/06/2025;SULFUROS;25.06;24.18;1.84;1.45;29.49;;;
20/06/2025;SULFUROS;30.34;29.28;1.49;0.61;21.29;;;
20/06/2025;SULFUROS;34.79;33.57;1.49;0.61;21.29;;;
20/06/2025;SULFUROS;27.00;26.06;1.49;0.61;21.29;;;
21/06/2025;SULFUROS;28.00;27.02;1.49;0.61;21.29;;;
21/06/2025;SULFUROS;27.84;26.87;1.49;0.61;21.29;;;
21/06/2025;SULFUROS;30.08;29.03;1.49;0.61;21.29;;;
21/06/2025;SULFUROS;36.77;35.48;1.49;0.61;21.29;;;
21/06/2025;SULFUROS;26.14;25.23;1.49;0.61;21.29;;;
21/06/2025;SULFUROS;36.41;35.14;1.49;0.61;21.29;;;
21/06/2025;SULFUROS;29.39;28.36;1.49;0.61;21.29;;;
21/06/2025;SULFUROS;24.71;23.85;1.49;0.61;21.29;;;
21/06/2025;SULFUROS;34.63;33.42;1.49;0.61;21.29;;;
21/06/2025;SULFUROS;28.52;27.52;1.49;0.61;21.29;;;
21/06/2025;SULFUROS;38.63;37.28;1.49;0.61;21.29;;;
21/06/2025;SULFUROS;27.93;26.95;1.49;0.61;21.29;;;
21/06/2025;SULFUROS;31.53;30.43;1.49;0.61;21.29;;;
21/06/2025;SULFUROS;27.52;26.56;1.74;1.21;28.36;;;
21/06/2025;SULFUROS;28.91;27.90;1.74;1.21;28.36;;;
21/06/2025;SULFUROS;40.20;38.79;1.74;1.21;28.36;;;
22/06/2025;SULFUROS;32.67;31.53;1.74;1.21;28.36;;;
22/06/2025;SULFUROS;40.52;39.10;1.74;1.21;28.36;;;
22/06/2025;SULFUROS;29.89;28.84;1.49;0.61;21.29;;;
22/06/2025;SULFUROS;32.62;31.48;1.74;1.21;28.36;;;
22/06/2025;SULFUROS;25.96;25.05;1.74;1.21;28.36;;;
22/06/2025;SULFUROS;24.48;23.62;1.74;1.21;28.36;;;
22/06/2025;SULFUROS;35.39;34.15;1.74;1.21;28.36;;;
22/06/2025;SULFUROS;23.52;22.70;1.74;1.21;28.36;;;
22/06/2025;SULFUROS;26.70;25.77;1.74;1.21;28.36;;;
22/06/2025;SULFUROS;37.21;35.91;1.74;1.21;28.36;;;
22/06/2025;SULFUROS;25.29;24.40;1.74;1.21;28.36;;;
22/06/2025;SULFUROS;30.73;29.65;1.74;1.21;28.36;;;
22/06/2025;SULFUROS;26.66;25.73;1.74;1.21;28.36;;;
22/06/2025;SULFUROS;28.59;27.59;2.07;1.45;22.17;;;
22/06/2025;SULFUROS;32.85;31.70;2.07;1.45;22.17;;;
23/06/2025;SULFUROS;30.82;29.74;2.07;1.45;22.17;;;
23/06/2025;SULFUROS;40.07;38.67;2.07;1.45;22.17;;;
23/06/2025;SULFUROS;27.12;26.17;2.07;1.45;22.17;;;
23/06/2025;SULFUROS;28.30;27.31;2.03;0.68;24.59;;;
23/06/2025;SULFUROS;38.00;36.67;2.03;0.68;24.59;;;
24/06/2025;SULFUROS;32.39;31.26;2.03;0.68;24.59;;;
24/06/2025;SULFUROS;30.04;28.99;1.84;0.43;21.99;;;
24/06/2025;SULFUROS;42.18;40.70;1.84;0.43;21.99;;;
25/06/2025;SULFUROS;26.83;25.89;0.97;0.77;20.79;;;
25/06/2025;SULFUROS;26.88;25.94;0.97;0.77;20.79;;;
25/06/2025;SULFUROS;38.98;37.62;0.97;0.77;20.79;;;
25/06/2025;SULFUROS;29.90;28.85;0.97;0.77;20.79;;;
25/06/2025;SULFUROS;25.80;24.90;0.97;0.77;20.79;;;
25/06/2025;SULFUROS;29.62;28.58;0.97;0.77;20.79;;;
25/06/2025;SULFUROS;34.00;32.81;0.97;0.77;20.79;;;
25/06/2025;SULFUROS;26.69;25.76;0.97;0.77;20.79;;;
25/06/2025;SULFUROS;28.44;27.44;1.14;0.65;24.74;;;
25/06/2025;SULFUROS;31.87;30.75;1.14;0.65;24.74;;;
25/06/2025;SULFUROS;39.46;38.08;1.14;0.65;24.74;;;
25/06/2025;SULFUROS;26.06;25.15;1.14;0.65;24.74;;;
25/06/2025;SULFUROS;28.85;27.84;1.14;0.65;24.74;;;
25/06/2025;SULFUROS;31.05;29.96;1.14;0.65;24.74;;;
25/06/2025;SULFUROS;41.59;40.13;1.14;0.65;24.74;;;
25/06/2025;SULFUROS;29.31;28.28;1.14;0.65;24.74;;;
26/06/2025;SULFUROS;22.19;21.41;0.97;0.77;20.79;;;
26/06/2025;SULFUROS;36.21;34.94;0.97;0.77;20.79;;;
26/06/2025;SULFUROS;26.42;25.50;0.97;0.77;20.79;;;
26/06/2025;SULFUROS;26.14;25.23;0.97;0.77;20.79;;;
26/06/2025;SULFUROS;25.75;24.85;0.97;0.77;20.79;;;
26/06/2025;SULFUROS;25.62;24.72;0.97;0.77;20.79;;;
26/06/2025;SULFUROS;25.38;24.49;0.97;0.77;20.79;;;
26/06/2025;SULFUROS;36.25;34.98;0.97;0.77;20.79;;;
26/06/2025;SULFUROS;33.73;32.55;1.14;0.65;24.74;;;
26/06/2025;SULFUROS;25.42;24.53;1.13;0.62;20.18;;;
26/06/2025;SULFUROS;28.29;27.30;1.13;0.62;20.18;;;
27/06/2025;SULFUROS;25.64;24.74;0.97;0.77;20.79;;;
27/06/2025;SULFUROS;26.78;25.84;0.97;0.77;20.79;;;
27/06/2025;SULFUROS;37.48;36.17;0.97;0.77;20.79;;;
27/06/2025;SULFUROS;27.45;26.49;0.97;0.77;20.79;;;
27/06/2025;SULFUROS;33.44;32.27;0.97;0.77;20.79;;;
27/06/2025;SULFUROS;27.31;26.35;1.13;0.62;20.18;;;
27/06/2025;SULFUROS;29.32;28.29;1.13;0.62;20.18;;;
27/06/2025;SULFUROS;26.71;25.78;1.13;0.62;20.18;;;
27/06/2025;SULFUROS;26.88;25.94;1.13;0.62;20.18;;;
27/06/2025;SULFUROS;24.92;24.05;1.13;0.62;20.18;;;
27/06/2025;SULFUROS;27.09;26.14;1.13;0.62;20.18;;;
27/06/2025;SULFUROS;26.28;25.36;1.13;0.62;20.18;;;
27/06/2025;SULFUROS;25.60;24.70;1.57;0.60;24.38;;;
28/06/2025;SULFUROS;28.47;27.47;1.57;0.60;24.38;;;
28/06/2025;SULFUROS;27.72;26.75;1.57;0.60;24.38;;;
29/06/2025;SULFUROS;26.00;25.09;1.19;0.52;23.15;;;
29/06/2025;SULFUROS;27.60;26.63;1.19;0.52;23.15;;;
29/06/2025;SULFUROS;28.16;27.17;1.19;0.52;23.15;;;
29/06/2025;SULFUROS;27.36;26.40;1.19;0.52;23.15;;;
29/06/2025;SULFUROS;29.79;28.75;1.19;0.52;23.15;;;
29/06/2025;SULFUROS;28.82;27.81;1.19;0.52;23.15;;;
30/06/2025;SULFUROS;26.81;25.87;0.74;6.38;25.25;;;
30/06/2025;SULFUROS;27.65;26.68;0.74;6.38;25.25;;;
30/06/2025;SULFUROS;29.86;28.81;0.74;6.38;25.25;;;
01/07/2025;SULFUROS;27.32;26.36;0.74;6.38;25.25;;;
01/07/2025;SULFUROS;30.78;29.70;0.74;6.38;25.25;;;
01/07/2025;SULFUROS;25.60;24.70;2.03;0.50;17.07;;;
01/07/2025;SULFUROS;26.67;25.74;2.03;0.50;17.07;;;
01/07/2025;SULFUROS;28.61;27.61;2.03;0.50;17.07;;;
01/07/2025;SULFUROS;27.20;26.25;2.03;0.50;17.07;;;
01/07/2025;SULFUROS;23.75;22.92;2.03;0.50;17.07;;;
01/07/2025;SULFUROS;24.17;23.32;0.79;0.56;22.59;;;
01/07/2025;SULFUROS;30.91;29.83;0.79;0.56;22.59;;;
02/07/2025;SULFUROS;29.22;28.20;0.79;0.56;22.59;;;
02/07/2025;SULFUROS;30.34;29.28;0.73;0.63;21.74;;;
02/07/2025;SULFUROS;37.50;36.19;0.73;0.63;21.74;;;
02/07/2025;SULFUROS;29.80;28.76;0.73;0.63;21.74;;;
02/07/2025;SULFUROS;30.70;29.63;0.73;0.63;21.74;;;
02/07/2025;SULFUROS;24.97;24.10;0.73;0.63;21.74;;;
02/07/2025;SULFUROS;37.86;36.53;0.73;0.63;21.74;;;
02/07/2025;SULFUROS;30.99;29.91;0.73;0.63;21.74;;;
03/07/2025;SULFUROS;35.57;34.33;0.88;0.96;24.13;;;
03/07/2025;SULFUROS;37.45;36.14;0.88;0.96;24.13;;;
03/07/2025;SULFUROS;28.60;27.60;0.88;0.96;24.13;;;
03/07/2025;SULFUROS;35.85;34.60;0.88;0.96;24.13;;;
03/07/2025;SULFUROS;27.99;27.01;0.88;0.96;24.13;;;
03/07/2025;SULFUROS;25.45;24.56;0.88;0.96;24.13;;;
03/07/2025;SULFUROS;31.26;30.17;1.01;0.67;30.48;;;
03/07/2025;SULFUROS;36.51;35.23;1.01;0.67;30.48;;;
03/07/2025;SULFUROS;27.34;26.38;1.01;0.67;30.48;;;
03/07/2025;SULFUROS;25.05;24.17;1.01;0.67;30.48;;;
03/07/2025;SULFUROS;33.92;32.73;1.01;0.67;30.48;;;
04/07/2025;SULFUROS;29.46;28.43;1.01;0.67;30.48;;;
04/07/2025;SULFUROS;34.74;33.52;1.01;0.67;30.48;;;
04/07/2025;SULFUROS;24.74;23.87;1.49;0.42;21.41;;;
04/07/2025;SULFUROS;35.16;33.93;1.49;0.42;21.41;;;
04/07/2025;SULFUROS;26.92;25.98;1.49;0.42;21.41;;;
04/07/2025;SULFUROS;30.24;29.18;1.49;0.42;21.41;;;
04/07/2025;SULFUROS;37.99;36.66;1.49;0.42;21.41;;;
04/07/2025;SULFUROS;27.42;26.46;1.49;0.42;21.41;;;
04/07/2025;SULFUROS;26.71;25.78;0.96;0.75;22.97;;;
04/07/2025;SULFUROS;36.10;34.84;0.96;0.75;22.97;;;
06/07/2025;SULFUROS;26.20;25.28;1.25;0.35;20.56;;;
06/07/2025;SULFUROS;25.31;24.42;1.25;0.35;20.56;;;
06/07/2025;SULFUROS;36.65;35.37;1.25;0.35;20.56;;;
06/07/2025;SULFUROS;27.05;26.10;1.25;0.35;20.56;;;
07/07/2025;SULFUROS;28.12;27.14;0.87;0.98;10.00;;;
07/07/2025;SULFUROS;29.57;28.54;1.51;0.77;17.86;;;
07/07/2025;SULFUROS;36.73;35.44;1.51;0.77;17.86;;;
07/07/2025;SULFUROS;27.61;26.64;1.51;0.77;17.86;;;
07/07/2025;SULFUROS;25.78;24.88;1.51;0.77;17.86;;;
08/07/2025;SULFUROS;27.51;26.55;1.51;0.77;17.86;;;
08/07/2025;SULFUROS;28.23;27.24;1.51;0.77;17.86;;;
08/07/2025;SULFUROS;28.84;27.83;1.51;0.77;17.86;;;
08/07/2025;SULFUROS;24.71;23.85;1.51;0.77;17.86;;;
08/07/2025;SULFUROS;34.55;33.34;1.13;0.62;20.18;;;
08/07/2025;SULFUROS;22.71;21.92;0.84;0.55;22.60;;;
08/07/2025;SULFUROS;34.07;32.88;0.84;0.55;22.60;;;
09/07/2025;SULFUROS;29.00;27.99;1.15;2.49;13.03;;;
09/07/2025;SULFUROS;29.38;28.35;1.15;2.49;13.03;;;
09/07/2025;SULFUROS;36.54;35.26;1.15;2.49;13.03;;;
09/07/2025;SULFUROS;27.88;26.90;1.15;2.49;13.03;;;
09/07/2025;SULFUROS;28.61;27.61;1.15;2.49;13.03;;;
09/07/2025;SULFUROS;28.43;27.43;1.15;2.49;13.03;;;
09/07/2025;SULFUROS;27.94;26.96;1.15;2.49;13.03;;;
09/07/2025;SULFUROS;27.70;26.73;1.15;2.49;13.03;;;
09/07/2025;SULFUROS;33.91;32.72;0.81;0.53;10.19;;;
09/07/2025;SULFUROS;26.40;25.48;0.81;0.53;10.19;;;
09/07/2025;SULFUROS;26.65;25.72;0.81;0.53;10.19;;;
09/07/2025;SULFUROS;26.81;25.87;1.77;0.71;13.48;;;
10/07/2025;SULFUROS;26.42;25.50;1.77;0.71;13.48;;;
10/07/2025;SULFUROS;32.69;31.55;1.77;0.71;13.48;;;
10/07/2025;SULFUROS;27.36;26.40;1.77;0.71;13.48;;;
10/07/2025;SULFUROS;26.02;25.11;1.77;0.71;13.48;;;
10/07/2025;SULFUROS;27.98;27.00;1.77;0.71;13.48;;;
10/07/2025;SULFUROS;26.87;25.93;1.15;2.49;13.03;;;
10/07/2025;SULFUROS;25.41;24.52;1.15;2.49;13.03;;;
10/07/2025;SULFUROS;25.84;24.94;1.15;2.49;13.03;;;
10/07/2025;SULFUROS;33.33;32.16;1.15;2.49;13.03;;;
10/07/2025;SULFUROS;28.08;27.10;1.15;2.49;13.03;;;
10/07/2025;SULFUROS;24.08;23.24;1.77;0.71;13.48;;;
10/07/2025;SULFUROS;35.36;34.12;0.80;0.67;6.66;;;
10/07/2025;SULFUROS;27.94;26.96;0.80;0.67;6.66;;;
10/07/2025;SULFUROS;26.85;25.91;0.80;0.67;6.66;;;
10/07/2025;SULFUROS;34.76;33.54;0.80;0.67;6.66;;;
10/07/2025;SULFUROS;28.65;27.65;0.80;0.67;6.66;;;
11/07/2025;SULFUROS;27.11;26.16;1.46;0.74;15.21;;;
11/07/2025;SULFUROS;24.58;23.72;1.46;0.74;15.21;;;
11/07/2025;SULFUROS;26.46;25.53;1.46;0.74;15.21;;;
11/07/2025;SULFUROS;27.68;26.71;1.46;0.74;15.21;;;
11/07/2025;SULFUROS;33.81;32.63;1.46;0.74;15.21;;;
11/07/2025;SULFUROS;26.74;25.80;1.46;0.74;15.21;;;
11/07/2025;SULFUROS;27.16;26.21;1.46;0.74;15.21;;;
11/07/2025;SULFUROS;28.84;27.83;1.46;0.74;15.21;;;
11/07/2025;SULFUROS;34.27;33.07;1.46;0.74;15.21;;;
11/07/2025;SULFUROS;29.25;28.23;1.46;0.74;15.21;;;
11/07/2025;SULFUROS;25.46;24.57;1.46;0.74;15.21;;;
11/07/2025;SULFUROS;24.97;24.10;1.46;0.74;15.21;;;
11/07/2025;SULFUROS;23.99;23.15;1.46;0.74;15.21;;;
11/07/2025;SULFUROS;32.56;31.42;1.27;0.65;11.03;;;
11/07/2025;SULFUROS;26.09;25.18;1.27;0.65;11.03;;;
11/07/2025;SULFUROS;24.90;24.03;1.27;0.65;11.03;;;
11/07/2025;SULFUROS;35.54;34.30;1.27;0.65;11.03;;;
11/07/2025;SULFUROS;22.81;22.01;1.27;0.65;11.03;;;
11/07/2025;SULFUROS;27.33;26.37;1.27;0.65;11.03;;;
12/07/2025;SULFUROS;28.00;27.02;1.46;0.56;16.72;;;
12/07/2025;SULFUROS;26.56;25.63;1.46;0.56;16.72;;;
12/07/2025;SULFUROS;27.40;26.44;1.46;0.56;16.72;;;
12/07/2025;SULFUROS;27.57;26.61;1.46;0.56;16.72;;;
12/07/2025;SULFUROS;27.31;26.35;1.46;0.56;16.72;;;
12/07/2025;SULFUROS;35.77;34.52;1.46;0.56;16.72;;;
12/07/2025;SULFUROS;24.55;23.69;1.46;0.56;16.72;;;
12/07/2025;SULFUROS;27.83;26.86;1.46;0.56;16.72;;;
12/07/2025;SULFUROS;24.26;23.41;1.46;0.56;16.72;;;
12/07/2025;SULFUROS;26.62;25.69;1.46;0.56;16.72;;;
12/07/2025;SULFUROS;21.71;20.95;1.46;0.56;16.72;;;
12/07/2025;SULFUROS;26.46;25.53;1.46;0.56;16.72;;;
12/07/2025;SULFUROS;25.75;24.85;1.46;0.56;16.72;;;
12/07/2025;SULFUROS;29.18;28.16;1.46;0.56;16.72;;;
12/07/2025;SULFUROS;24.91;24.04;1.46;0.56;16.72;;;
13/07/2025;SULFUROS;26.25;25.33;1.46;0.56;16.72;;;
13/07/2025;SULFUROS;27.02;26.07;1.71;0.68;16.69;;;
13/07/2025;SULFUROS;28.10;27.12;1.71;0.68;16.69;;;
13/07/2025;SULFUROS;26.91;25.97;1.71;0.68;16.69;;;
13/07/2025;SULFUROS;28.02;27.04;1.71;0.68;16.69;;;
13/07/2025;SULFUROS;28.14;27.16;1.71;0.68;16.69;;;
13/07/2025;SULFUROS;30.16;29.10;1.71;0.68;16.69;;;
13/07/2025;SULFUROS;25.57;24.68;0.79;0.55;17.58;;;
13/07/2025;SULFUROS;36.60;35.32;0.79;0.55;17.58;;;
13/07/2025;SULFUROS;27.69;26.72;0.79;0.55;17.58;;;
13/07/2025;SULFUROS;27.60;26.63;0.79;0.55;17.58;;;
13/07/2025;SULFUROS;25.81;24.91;0.79;0.55;17.58;;;
13/07/2025;SULFUROS;26.78;25.84;0.79;0.55;17.58;;;
13/07/2025;SULFUROS;36.13;34.87;0.83;0.78;11.81;;;
13/07/2025;SULFUROS;27.08;26.13;0.83;0.78;11.81;;;
13/07/2025;SULFUROS;24.94;24.07;0.83;0.78;11.81;;;
14/07/2025;SULFUROS;26.23;25.31;0.83;0.78;11.81;;;
14/07/2025;SULFUROS;24.05;23.21;0.90;0.89;8.79;;;
14/07/2025;SULFUROS;27.08;26.13;0.90;0.89;8.79;;;
14/07/2025;SULFUROS;32.79;31.64;0.90;0.89;8.79;;;
14/07/2025;SULFUROS;29.90;28.85;0.90;0.89;8.79;;;
14/07/2025;SULFUROS;26.19;25.27;0.90;0.89;8.79;;;
14/07/2025;SULFUROS;26.78;25.84;0.90;0.89;8.79;;;
14/07/2025;SULFUROS;24.73;23.86;0.90;0.89;8.79;;;
14/07/2025;SULFUROS;31.51;30.41;0.90;0.89;8.79;;;
14/07/2025;SULFUROS;26.73;25.79;0.90;0.89;8.79;;;
14/07/2025;SULFUROS;27.18;26.23;0.90;0.89;8.79;;;
14/07/2025;SULFUROS;25.81;24.91;0.90;0.89;8.79;;;
14/07/2025;SULFUROS;32.95;31.80;0.82;0.38;8.78;;;
14/07/2025;SULFUROS;25.40;24.51;0.82;0.38;8.78;;;
14/07/2025;SULFUROS;27.45;26.49;0.53;0.59;6.32;;;
15/07/2025;SULFUROS;26.56;25.63;0.53;0.59;6.32;;;
15/07/2025;SULFUROS;37.50;36.19;0.90;0.89;8.79;;;
15/07/2025;SULFUROS;27.42;26.46;0.83;0.76;12.48;;;
15/07/2025;SULFUROS;35.43;34.19;0.83;0.76;12.48;;;
15/07/2025;SULFUROS;35.33;34.09;0.83;0.76;12.48;;;
15/07/2025;SULFUROS;27.04;26.09;0.83;0.76;12.48;;;
16/07/2025;SULFUROS;28.17;27.18;0.83;0.76;12.48;;;
16/07/2025;SULFUROS;32.21;31.08;0.83;0.76;12.48;;;
16/07/2025;SULFUROS;31.67;30.56;0.83;0.76;12.48;;;
16/07/2025;SULFUROS;27.71;26.74;0.86;0.90;9.24;;;
16/07/2025;SULFUROS;26.59;25.66;0.86;0.90;9.24;;;
16/07/2025;SULFUROS;27.89;26.91;0.86;0.90;9.24;;;
17/07/2025;SULFUROS;27.91;26.93;0.86;0.90;9.24;;;
17/07/2025;SULFUROS;34.78;33.56;0.86;0.90;9.24;;;
17/07/2025;SULFUROS;35.50;34.26;0.86;0.90;9.24;;;
17/07/2025;SULFUROS;35.04;33.81;0.76;1.03;18.41;;;
18/07/2025;SULFUROS;32.28;31.15;0.76;1.03;18.41;;;
18/07/2025;SULFUROS;34.40;33.20;0.76;1.03;18.41;;;
18/07/2025;SULFUROS;28.01;27.03;0.76;1.03;18.41;;;
18/07/2025;SULFUROS;26.85;25.91;0.76;1.03;18.41;;;
18/07/2025;SULFUROS;27.49;26.53;0.76;1.03;18.41;;;
18/07/2025;SULFUROS;34.15;32.95;0.80;1.15;9.72;;;
18/07/2025;SULFUROS;34.47;33.26;0.80;1.15;9.72;;;
18/07/2025;SULFUROS;24.91;24.04;0.80;1.15;9.72;;;
18/07/2025;SULFUROS;26.91;25.97;0.80;1.15;9.72;;;
18/07/2025;SULFUROS;27.84;26.87;1.08;0.69;10.12;;;
18/07/2025;SULFUROS;30.75;29.67;1.08;0.69;10.12;;;
18/07/2025;SULFUROS;36.61;35.33;1.08;0.69;10.12;;;
18/07/2025;SULFUROS;26.08;25.17;1.08;0.69;10.12;;;
18/07/2025;SULFUROS;28.79;27.78;1.08;0.69;10.12;;;
19/07/2025;SULFUROS;35.61;34.36;1.08;0.69;10.12;;;
19/07/2025;SULFUROS;20.98;20.25;1.08;0.69;10.12;;;
19/07/2025;SULFUROS;25.98;25.07;0.89;1.31;10.60;;;
19/07/2025;SULFUROS;37.35;36.04;0.89;1.31;10.60;;;
19/07/2025;SULFUROS;27.42;26.46;0.89;1.31;10.60;;;
19/07/2025;SULFUROS;29.13;28.11;0.89;1.31;10.60;;;
19/07/2025;SULFUROS;28.49;27.49;0.89;1.31;10.60;;;
19/07/2025;SULFUROS;26.40;25.48;0.89;1.31;10.60;;;
19/07/2025;SULFUROS;39.33;37.95;0.89;1.31;10.60;;;
19/07/2025;SULFUROS;27.10;26.15;0.89;1.31;10.60;;;
19/07/2025;SULFUROS;37.57;36.26;0.89;1.31;10.60;;;
19/07/2025;SULFUROS;27.29;26.33;0.89;1.31;10.60;;;
19/07/2025;SULFUROS;28.03;27.05;0.89;1.31;10.60;;;
20/07/2025;SULFUROS;29.18;28.16;0.89;1.31;10.60;;;
20/07/2025;SULFUROS;37.47;36.16;0.89;1.31;10.60;;;
20/07/2025;SULFUROS;30.26;29.20;0.89;1.31;10.60;;;
20/07/2025;SULFUROS;36.33;35.06;0.89;1.31;10.60;;;
20/07/2025;SULFUROS;29.14;28.12;0.89;1.31;10.60;;;
20/07/2025;SULFUROS;28.90;27.89;0.89;1.31;10.60;;;
20/07/2025;SULFUROS;24.96;24.09;0.89;1.31;10.60;;;
20/07/2025;SULFUROS;30.37;29.31;0.36;0.06;2.96;;;
20/07/2025;SULFUROS;24.84;23.97;0.77;0.65;32.35;;;
20/07/2025;SULFUROS;26.17;25.25;0.77;0.65;32.35;;;
20/07/2025;SULFUROS;32.21;31.08;0.77;0.65;32.35;;;
20/07/2025;SULFUROS;27.93;26.95;0.77;0.65;32.35;;;
20/07/2025;SULFUROS;18.57;17.92;0.77;0.65;32.35;;;
20/07/2025;SULFUROS;26.60;25.67;0.77;0.65;32.35;;;
21/07/2025;SULFUROS;31.44;30.34;0.73;0.68;40.20;;;
21/07/2025;SULFUROS;35.26;34.03;0.73;0.68;40.20;;;
21/07/2025;SULFUROS;25.59;24.69;0.73;0.68;40.20;;;
21/07/2025;SULFUROS;34.70;33.49;0.73;0.68;40.20;;;
21/07/2025;SULFUROS;26.33;25.41;0.73;0.68;40.20;;;
21/07/2025;SULFUROS;26.63;25.70;0.73;0.68;40.20;;;
21/07/2025;SULFUROS;26.60;25.67;0.73;0.68;40.20;;;
21/07/2025;SULFUROS;26.81;25.87;0.73;0.68;40.20;;;
22/07/2025;SULFUROS;34.99;33.77;0.73;0.68;40.20;;;
22/07/2025;SULFUROS;24.87;24.00;0.73;0.68;40.20;;;
22/07/2025;SULFUROS;25.43;24.54;0.73;0.68;40.20;;;
22/07/2025;SULFUROS;28.30;27.31;0.73;0.68;40.20;;;
22/07/2025;SULFUROS;24.56;23.70;0.73;0.68;40.20;;;
22/07/2025;SULFUROS;33.98;32.79;0.82;0.46;38.91;;;
22/07/2025;SULFUROS;22.02;21.25;0.82;0.46;38.91;;;
22/07/2025;SULFUROS;24.88;24.01;0.82;0.46;38.91;;;
22/07/2025;SULFUROS;22.11;21.34;0.82;0.46;38.91;;;
22/07/2025;SULFUROS;28.44;27.44;0.82;0.46;38.91;;;
22/07/2025;SULFUROS;35.65;34.40;0.82;0.46;38.91;;;
22/07/2025;SULFUROS;25.25;24.37;0.82;0.46;38.91;;;
22/07/2025;SULFUROS;35.45;34.21;0.82;0.46;38.91;;;
22/07/2025;SULFUROS;26.45;25.52;0.82;0.46;38.91;;;
22/07/2025;SULFUROS;24.17;23.32;0.82;0.46;38.91;;;
23/07/2025;SULFUROS;34.41;33.21;0.82;0.46;38.91;;;
23/07/2025;SULFUROS;25.35;24.46;0.82;0.46;38.91;;;
23/07/2025;SULFUROS;26.13;25.22;0.82;0.46;38.91;;;
23/07/2025;SULFUROS;34.11;32.92;0.82;0.55;39.99;;;
23/07/2025;SULFUROS;23.77;22.94;0.82;0.55;39.99;;;
23/07/2025;SULFUROS;23.09;22.28;0.82;0.55;39.99;;;
23/07/2025;SULFUROS;29.18;28.16;0.82;0.55;39.99;;;
23/07/2025;SULFUROS;24.30;23.45;0.82;0.55;39.99;;;
23/07/2025;SULFUROS;36.29;35.02;0.82;0.55;39.99;;;
23/07/2025;SULFUROS;26.09;25.18;0.82;0.55;39.99;;;
24/07/2025;SULFUROS;21.83;21.07;0.87;0.94;38.24;;;
24/07/2025;SULFUROS;25.71;24.81;0.87;0.94;38.24;;;
24/07/2025;SULFUROS;22.31;21.53;0.87;0.94;38.24;;;
24/07/2025;SULFUROS;25.97;25.06;0.87;0.94;38.24;;;
24/07/2025;SULFUROS;27.95;26.97;0.87;0.94;38.24;;;
24/07/2025;SULFUROS;27.05;26.10;0.87;0.94;38.24;;;
24/07/2025;SULFUROS;24.28;23.43;0.87;0.94;38.24;;;
24/07/2025;SULFUROS;32.24;31.11;0.87;0.94;38.24;;;
24/07/2025;SULFUROS;26.29;25.37;0.87;0.94;38.24;;;
24/07/2025;SULFUROS;22.57;21.78;1.08;0.80;47.67;;;
24/07/2025;SULFUROS;20.70;19.98;1.08;0.80;47.67;;;
24/07/2025;SULFUROS;22.91;22.11;1.08;0.80;47.67;;;
24/07/2025;SULFUROS;29.21;28.19;1.08;0.80;47.67;;;
25/07/2025;SULFUROS;27.34;26.38;1.08;0.80;47.67;;;
25/07/2025;SULFUROS;26.47;25.54;1.08;0.80;47.67;;;
25/07/2025;SULFUROS;33.29;32.12;1.08;0.80;47.67;;;
25/07/2025;SULFUROS;27.06;26.11;1.08;0.80;47.67;;;
25/07/2025;SULFUROS;26.15;25.23;1.08;0.80;47.67;;;
25/07/2025;SULFUROS;29.57;28.54;1.08;0.80;47.67;;;
25/07/2025;SULFUROS;26.39;25.47;1.08;0.80;47.67;;;
25/07/2025;SULFUROS;25.79;24.89;1.08;0.80;47.67;;;
25/07/2025;SULFUROS;35.86;34.60;1.08;0.80;47.67;;;
25/07/2025;SULFUROS;27.40;26.44;1.08;0.80;47.67;;;
25/07/2025;SULFUROS;28.30;27.31;1.20;0.43;22.00;;;
25/07/2025;SULFUROS;24.91;24.04;1.20;0.43;22.00;;;
25/07/2025;SULFUROS;25.01;24.13;1.20;0.43;22.00;;;
26/07/2025;SULFUROS;26.58;25.65;1.20;0.43;22.00;;;
26/07/2025;SULFUROS;26.99;26.05;1.20;0.43;22.00;;;
26/07/2025;SULFUROS;28.31;27.32;1.20;0.43;22.00;;;
26/07/2025;SULFUROS;29.56;28.53;1.20;0.43;22.00;;;
26/07/2025;SULFUROS;22.42;21.64;1.20;0.43;22.00;;;
26/07/2025;SULFUROS;27.43;26.47;1.20;0.43;22.00;;;
26/07/2025;SULFUROS;25.76;24.86;1.20;0.43;22.00;;;
26/07/2025;SULFUROS;28.36;27.37;1.20;0.43;22.00;;;
26/07/2025;SULFUROS;27.74;26.77;1.20;0.43;22.00;;;
26/07/2025;SULFUROS;31.93;30.81;1.20;0.43;22.00;;;
26/07/2025;SULFUROS;33.78;32.60;1.20;0.43;22.00;;;
26/07/2025;SULFUROS;30.08;29.03;1.20;0.43;22.00;;;
26/07/2025;SULFUROS;28.11;27.13;1.20;0.43;22.00;;;
26/07/2025;SULFUROS;33.60;32.42;1.20;0.43;22.00;;;
26/07/2025;SULFUROS;34.37;33.17;1.20;0.43;22.00;;;
26/07/2025;SULFUROS;35.69;34.44;1.20;0.43;22.00;;;
27/07/2025;SULFUROS;25.41;24.52;1.20;0.43;22.00;;;
27/07/2025;SULFUROS;25.64;24.74;1.20;0.43;22.00;;;
27/07/2025;SULFUROS;27.09;26.14;1.20;0.43;22.00;;;
27/07/2025;SULFUROS;35.53;34.29;1.20;0.43;22.00;;;
27/07/2025;SULFUROS;28.43;27.43;1.20;0.43;22.00;;;
27/07/2025;SULFUROS;28.00;27.02;1.00;0.71;40.41;;;
27/07/2025;SULFUROS;32.85;31.70;1.00;0.71;40.41;;;
27/07/2025;SULFUROS;32.89;31.74;1.00;0.71;40.41;;;
27/07/2025;SULFUROS;28.14;27.16;1.00;0.71;40.41;;;
27/07/2025;SULFUROS;28.09;27.11;1.00;0.71;40.41;;;
27/07/2025;SULFUROS;35.69;34.44;1.00;0.71;40.41;;;
28/07/2025;SULFUROS;27.39;26.43;1.00;0.71;40.41;;;
28/07/2025;SULFUROS;34.52;33.31;1.00;0.71;40.41;;;
28/07/2025;SULFUROS;26.87;25.93;1.00;0.71;40.41;;;
28/07/2025;SULFUROS;35.48;34.24;1.00;0.71;40.41;;;
28/07/2025;SULFUROS;25.44;24.55;1.00;0.71;40.41;;;
28/07/2025;SULFUROS;29.10;28.08;1.00;0.71;40.41;;;
28/07/2025;SULFUROS;36.18;34.91;1.00;0.71;40.41;;;
28/07/2025;SULFUROS;28.36;27.37;1.00;0.71;40.41;;;
28/07/2025;SULFUROS;36.55;35.27;1.00;0.71;40.41;;;
28/07/2025;SULFUROS;24.95;24.08;1.54;0.33;16.92;;;
28/07/2025;SULFUROS;25.91;25.00;1.54;0.33;16.92;;;
28/07/2025;SULFUROS;25.96;25.05;1.54;0.33;16.92;;;
28/07/2025;SULFUROS;26.09;25.18;1.54;0.33;16.92;;;
28/07/2025;SULFUROS;28.58;27.58;1.54;0.33;16.92;;;
28/07/2025;SULFUROS;34.97;33.75;1.54;0.33;16.92;;;
28/07/2025;SULFUROS;27.93;26.95;1.54;0.33;16.92;;;
29/07/2025;SULFUROS;29.52;28.49;1.54;0.33;16.92;;;
29/07/2025;SULFUROS;29.61;28.57;1.54;0.33;16.92;;;
29/07/2025;SULFUROS;27.70;26.73;1.54;0.33;16.92;;;
29/07/2025;SULFUROS;27.23;26.28;1.54;0.33;16.92;;;
29/07/2025;SULFUROS;34.11;32.92;1.59;0.36;12.82;;;
29/07/2025;SULFUROS;28.96;27.95;1.59;0.36;12.82;;;
29/07/2025;SULFUROS;29.57;28.54;1.59;0.36;12.82;;;
29/07/2025;SULFUROS;31.72;30.61;1.59;0.36;12.82;;;
29/07/2025;SULFUROS;36.37;35.10;1.59;0.36;12.82;;;
29/07/2025;SULFUROS;30.70;29.63;1.59;0.36;12.82;;;
29/07/2025;SULFUROS;27.74;26.77;1.59;0.36;12.82;;;
29/07/2025;SULFUROS;37.84;36.52;1.59;0.36;12.82;;;
29/07/2025;SULFUROS;25.50;24.61;1.59;0.36;12.82;;;
29/07/2025;SULFUROS;27.70;26.73;1.59;0.36;12.82;;;
29/07/2025;SULFUROS;37.74;36.42;1.59;0.36;12.82;;;
29/07/2025;SULFUROS;27.27;26.32;1.59;0.36;12.82;;;
30/07/2025;SULFUROS;27.77;26.80;1.59;0.36;12.82;;;
30/07/2025;SULFUROS;25.41;24.52;1.59;0.36;12.82;;;
30/07/2025;SULFUROS;27.94;26.96;1.59;0.36;12.82;;;
30/07/2025;SULFUROS;27.04;26.09;1.59;0.36;12.82;;;
30/07/2025;SULFUROS;37.02;35.72;1.59;0.36;12.82;;;
30/07/2025;SULFUROS;30.59;29.52;1.59;0.36;12.82;;;
30/07/2025;SULFUROS;27.75;26.78;0.96;0.80;42.13;;;
30/07/2025;SULFUROS;34.95;33.73;0.96;0.80;42.13;;;
30/07/2025;SULFUROS;28.91;27.90;0.96;0.80;42.13;;;
30/07/2025;SULFUROS;37.62;36.30;0.96;0.80;42.13;;;
30/07/2025;SULFUROS;28.69;27.69;0.96;0.80;42.13;;;
30/07/2025;SULFUROS;38.46;37.11;0.96;0.80;42.13;;;
30/07/2025;SULFUROS;28.68;27.68;0.96;0.80;42.13;;;
30/07/2025;SULFUROS;26.97;26.03;0.96;0.80;42.13;;;
31/07/2025;SULFUROS;27.82;26.85;0.91;0.61;39.95;;;
31/07/2025;SULFUROS;25.72;24.82;0.91;0.61;39.95;;;
31/07/2025;SULFUROS;28.49;27.49;0.91;0.61;39.95;;;
31/07/2025;SULFUROS;27.32;26.36;0.91;0.61;39.95;;;
31/07/2025;SULFUROS;32.75;31.60;0.91;0.61;39.95;;;
31/07/2025;SULFUROS;27.64;26.67;0.91;0.61;39.95;;;
31/07/2025;SULFUROS;25.80;24.90;0.91;0.61;39.95;;;
31/07/2025;SULFUROS;23.46;22.64;0.91;0.61;39.95;;;
31/07/2025;SULFUROS;29.68;28.64;1.21;0.18;11.60;;;
31/07/2025;SULFUROS;35.29;34.05;1.21;0.18;11.60;;;
31/07/2025;SULFUROS;26.70;25.77;0.94;0.88;12.54;;;
31/07/2025;SULFUROS;24.68;23.82;0.94;0.88;12.54;;;
31/07/2025;SULFUROS;28.06;27.08;0.94;0.88;12.54;;;
31/07/2025;SULFUROS;39.62;38.23;0.94;0.88;12.54;;;
31/07/2025;SULFUROS;28.42;27.43;0.94;0.88;12.54;;;
31/07/2025;SULFUROS;25.61;24.71;0.94;0.88;12.54;;;
31/07/2025;SULFUROS;27.47;26.51;0.94;0.88;12.54;;;
31/07/2025;SULFUROS;37.89;36.56;0.94;0.88;12.54;;;
01/08/2025;SULFUROS;28.82;27.81;1.21;0.18;11.60;;;
01/08/2025;SULFUROS;26.65;25.72;0.94;0.88;12.54;;;
01/08/2025;SULFUROS;26.70;25.77;0.94;0.88;12.54;;;
01/08/2025;SULFUROS;26.07;25.16;0.86;0.30;5.98;;;
01/08/2025;SULFUROS;36.46;35.18;0.86;0.30;5.98;;;
01/08/2025;SULFUROS;25.89;24.98;0.86;0.30;5.98;;;
01/08/2025;SULFUROS;28.16;27.17;0.81;0.84;21.83;;;
01/08/2025;SULFUROS;26.39;25.47;0.81;0.84;21.83;;;
01/08/2025;SULFUROS;27.77;26.80;0.81;0.84;21.83;;;
01/08/2025;SULFUROS;28.13;27.15;0.81;0.84;21.83;;;
01/08/2025;SULFUROS;36.36;35.09;0.81;0.84;21.83;;;
01/08/2025;SULFUROS;31.91;30.79;0.81;0.84;21.83;;;
01/08/2025;SULFUROS;28.06;27.08;0.81;0.84;21.83;;;
01/08/2025;SULFUROS;27.86;26.88;0.81;0.84;21.83;;;
01/08/2025;SULFUROS;32.83;31.68;0.81;0.84;21.83;;;
01/08/2025;SULFUROS;29.75;28.71;0.81;0.84;21.83;;;
01/08/2025;SULFUROS;32.63;31.49;0.81;0.84;21.83;;;
01/08/2025;SULFUROS;28.67;27.67;0.81;0.84;21.83;;;
02/08/2025;SULFUROS;28.83;27.82;0.81;0.84;21.83;;;
02/08/2025;SULFUROS;24.77;23.90;1.29;1.60;67.36;;;
02/08/2025;SULFUROS;23.29;22.47;1.29;1.60;67.36;;;
02/08/2025;SULFUROS;24.66;23.80;1.29;1.60;67.36;;;
02/08/2025;SULFUROS;28.88;27.87;1.29;1.60;67.36;;;
02/08/2025;SULFUROS;34.54;33.33;0.83;0.75;16.25;;;
02/08/2025;SULFUROS;27.21;26.26;0.83;0.75;16.25;;;
02/08/2025;SULFUROS;30.64;29.57;0.83;0.75;16.25;;;
02/08/2025;SULFUROS;31.84;30.73;0.83;0.75;16.25;;;
02/08/2025;SULFUROS;25.99;25.08;0.83;0.75;16.25;;;
03/08/2025;SULFUROS;29.44;28.41;0.83;0.75;16.25;;;
03/08/2025;SULFUROS;29.89;28.84;0.83;0.75;16.25;;;
03/08/2025;SULFUROS;31.69;30.58;0.83;0.75;16.25;;;
03/08/2025;SULFUROS;28.00;27.02;0.83;0.75;16.25;;;
03/08/2025;SULFUROS;26.32;25.40;0.78;0.22;7.46;;;
03/08/2025;SULFUROS;26.31;25.39;0.78;0.22;7.46;;;
03/08/2025;SULFUROS;24.67;23.81;0.78;0.22;7.46;;;
03/08/2025;SULFUROS;29.60;28.56;0.78;0.22;7.46;;;
03/08/2025;SULFUROS;26.91;25.97;1.14;1.35;13.60;;;
03/08/2025;SULFUROS;31.96;30.84;1.14;1.35;13.60;;;
03/08/2025;SULFUROS;22.40;21.62;1.04;0.45;27.18;;;
03/08/2025;SULFUROS;24.21;23.36;1.04;0.45;27.18;;;
03/08/2025;SULFUROS;29.29;28.26;1.14;1.35;13.60;;;
03/08/2025;SULFUROS;28.31;27.32;1.14;1.35;13.60;;;
03/08/2025;SULFUROS;31.02;29.93;1.14;1.35;13.60;;;
03/08/2025;SULFUROS;40.16;38.75;1.14;1.35;13.60;;;
04/08/2025;SULFUROS;26.10;25.19;1.14;1.35;13.60;;;
04/08/2025;SULFUROS;35.78;34.53;1.14;1.35;13.60;;;
04/08/2025;SULFUROS;26.00;25.09;1.26;0.25;8.41;;;
04/08/2025;SULFUROS;34.99;33.77;1.26;0.25;8.41;;;
04/08/2025;SULFUROS;27.89;26.91;1.26;0.25;8.41;;;
04/08/2025;SULFUROS;27.40;26.44;1.26;0.25;8.41;;;
04/08/2025;SULFUROS;30.84;29.76;0.81;0.24;8.53;;;
04/08/2025;SULFUROS;37.27;35.97;0.81;0.24;8.53;;;
04/08/2025;SULFUROS;37.00;35.71;0.81;0.24;8.53;;;
04/08/2025;SULFUROS;29.52;28.49;0.81;0.24;8.53;;;
05/08/2025;SULFUROS;26.83;25.89;0.81;0.24;8.53;;;
05/08/2025;SULFUROS;29.15;28.13;0.61;0.51;5.70;;;
05/08/2025;SULFUROS;38.16;36.82;0.61;0.51;5.70;;;
05/08/2025;SULFUROS;35.48;34.24;0.61;0.51;5.70;;;
05/08/2025;SULFUROS;28.60;27.60;0.97;1.04;12.39;;;
05/08/2025;SULFUROS;27.46;26.50;0.97;1.04;12.39;;;
05/08/2025;SULFUROS;37.47;36.16;0.97;1.04;12.39;;;
05/08/2025;SULFUROS;34.95;33.73;0.97;1.04;12.39;;;
05/08/2025;SULFUROS;31.61;30.50;0.97;1.04;12.39;;;
05/08/2025;SULFUROS;34.51;33.30;0.97;1.04;12.39;;;
05/08/2025;SULFUROS;35.72;34.47;0.97;1.04;12.39;;;
05/08/2025;SULFUROS;30.34;29.28;0.97;1.04;12.39;;;
06/08/2025;SULFUROS;28.62;27.62;0.97;1.04;12.39;;;
06/08/2025;SULFUROS;35.86;34.60;0.97;1.04;12.39;;;
06/08/2025;SULFUROS;36.41;35.14;0.97;1.04;12.39;;;
06/08/2025;SULFUROS;28.26;27.27;0.97;1.04;12.39;;;
06/08/2025;SULFUROS;23.57;22.75;0.97;1.04;12.39;;;
06/08/2025;SULFUROS;35.70;34.45;0.97;1.04;12.39;;;
06/08/2025;SULFUROS;34.46;33.25;0.97;1.04;12.39;;;
06/08/2025;SULFUROS;34.70;33.49;0.97;1.04;12.39;;;
06/08/2025;SULFUROS;36.24;34.97;0.97;1.04;12.39;;;
06/08/2025;SULFUROS;24.58;23.72;0.97;1.04;12.39;;;
06/08/2025;SULFUROS;33.07;31.91;0.83;0.81;31.69;;;
06/08/2025;SULFUROS;28.39;27.40;0.83;0.81;31.69;;;
06/08/2025;SULFUROS;35.30;34.06;0.83;0.81;31.69;;;
06/08/2025;SULFUROS;35.22;33.99;0.83;0.81;31.69;;;
07/08/2025;SULFUROS;27.64;26.67;0.83;0.81;31.69;;;
07/08/2025;SULFUROS;36.03;34.77;0.83;0.81;31.69;;;
07/08/2025;SULFUROS;34.99;33.77;0.83;0.81;31.69;;;
07/08/2025;SULFUROS;32.77;31.62;0.83;0.81;31.69;;;
07/08/2025;SULFUROS;30.32;29.26;0.69;0.52;11.68;;;
07/08/2025;SULFUROS;38.03;36.70;0.69;0.52;11.68;;;
07/08/2025;SULFUROS;41.04;39.60;0.69;0.52;11.68;;;
07/08/2025;SULFUROS;37.61;36.29;0.69;0.52;11.68;;;
07/08/2025;SULFUROS;37.85;36.53;0.69;0.52;11.68;;;
07/08/2025;SULFUROS;27.14;26.19;0.69;0.52;11.68;;;
07/08/2025;SULFUROS;35.64;34.39;0.69;0.52;11.68;;;
08/08/2025;SULFUROS;28.73;27.72;0.69;0.52;11.68;;;
08/08/2025;SULFUROS;29.27;28.25;0.94;0.33;10.86;;;
08/08/2025;SULFUROS;29.93;28.88;0.94;0.33;10.86;;;
08/08/2025;SULFUROS;38.32;36.98;1.00;0.25;12.49;;;
08/08/2025;SULFUROS;28.88;27.87;1.00;0.25;12.49;;;
08/08/2025;SULFUROS;39.11;37.74;1.00;0.25;12.49;;;
08/08/2025;SULFUROS;30.51;29.44;1.00;0.25;12.49;;;
09/08/2025;SULFUROS;29.09;28.07;1.00;0.25;12.49;;;
09/08/2025;SULFUROS;30.43;29.36;1.00;0.25;12.49;;;
09/08/2025;SULFUROS;35.56;34.32;1.00;0.25;12.49;;;
09/08/2025;SULFUROS;27.35;26.39;1.00;0.25;12.49;;;
09/08/2025;SULFUROS;29.69;28.65;0.76;0.72;14.98;;;
09/08/2025;SULFUROS;30.08;29.03;0.76;0.72;14.98;;;
09/08/2025;SULFUROS;26.30;25.38;0.76;0.72;14.98;;;
09/08/2025;SULFUROS;34.53;33.32;0.76;0.72;14.98;;;
09/08/2025;SULFUROS;22.09;21.32;0.76;0.72;14.98;;;
09/08/2025;SULFUROS;29.23;28.21;0.76;0.72;14.98;;;
09/08/2025;SULFUROS;33.60;32.42;0.76;0.72;14.98;;;
09/08/2025;SULFUROS;27.68;26.71;0.76;0.72;14.98;;;
10/08/2025;SULFUROS;33.67;32.49;0.76;0.72;14.98;;;
10/08/2025;SULFUROS;28.78;27.77;0.80;0.87;13.16;;;
10/08/2025;SULFUROS;29.26;28.24;0.80;0.87;13.16;;;
10/08/2025;SULFUROS;28.38;27.39;0.76;0.72;14.98;;;
10/08/2025;SULFUROS;30.99;29.91;0.80;0.87;13.16;;;
10/08/2025;SULFUROS;27.93;26.95;0.80;0.87;13.16;;;
10/08/2025;SULFUROS;27.13;26.18;0.98;0.83;14.59;;;
10/08/2025;SULFUROS;34.30;33.10;0.98;0.83;14.59;;;
10/08/2025;SULFUROS;34.69;33.48;0.98;0.83;14.59;;;
10/08/2025;SULFUROS;29.50;28.47;0.98;0.83;14.59;;;
10/08/2025;SULFUROS;36.49;35.21;0.98;0.83;14.59;;;
10/08/2025;SULFUROS;33.60;32.42;0.98;0.83;14.59;;;
10/08/2025;SULFUROS;27.86;26.88;0.98;0.83;14.59;;;
11/08/2025;SULFUROS;39.95;38.55;0.75;1.02;14.63;;;
11/08/2025;SULFUROS;29.73;28.69;0.75;1.02;14.63;;;
11/08/2025;SULFUROS;36.03;34.77;0.75;1.02;14.63;;;
11/08/2025;SULFUROS;27.91;26.93;0.75;1.02;14.63;;;
11/08/2025;SULFUROS;34.05;32.86;0.75;1.02;14.63;;;
11/08/2025;SULFUROS;38.34;37.00;0.75;1.02;14.63;;;
11/08/2025;SULFUROS;28.01;27.03;0.75;1.02;14.63;;;
11/08/2025;SULFUROS;34.71;33.50;0.75;1.02;14.63;;;
11/08/2025;SULFUROS;32.59;31.45;0.75;1.02;14.63;;;
11/08/2025;SULFUROS;28.81;27.80;0.75;1.02;14.63;;;
11/08/2025;SULFUROS;34.03;32.84;0.75;1.02;14.63;;;
11/08/2025;SULFUROS;25.92;25.01;0.94;0.33;10.86;;;
11/08/2025;SULFUROS;33.94;32.75;0.75;1.02;14.63;;;
12/08/2025;SULFUROS;28.97;27.96;0.94;0.33;10.86;;;
12/08/2025;SULFUROS;27.03;26.08;0.94;0.33;10.86;;;
12/08/2025;SULFUROS;35.68;34.43;0.94;0.33;10.86;;;
12/08/2025;SULFUROS;34.14;32.95;1.12;1.47;12.14;;;
12/08/2025;SULFUROS;29.30;28.27;1.12;1.47;12.14;;;
12/08/2025;SULFUROS;36.18;34.91;1.12;1.47;12.14;;;
12/08/2025;SULFUROS;28.51;27.51;1.12;1.47;12.14;;;
12/08/2025;SULFUROS;32.61;31.47;1.12;1.47;12.14;;;
12/08/2025;SULFUROS;34.32;33.12;1.12;1.47;12.14;;;
12/08/2025;SULFUROS;28.20;27.21;1.12;1.47;12.14;;;
12/08/2025;SULFUROS;28.00;27.02;1.12;1.47;12.14;;;
12/08/2025;SULFUROS;33.43;32.26;0.80;0.89;14.42;;;
12/08/2025;SULFUROS;32.35;31.22;1.12;1.47;12.14;;;
13/08/2025;SULFUROS;30.93;29.85;0.80;0.89;14.42;;;
13/08/2025;SULFUROS;28.18;27.19;0.80;0.89;14.42;;;
13/08/2025;SULFUROS;27.90;26.92;0.80;0.89;14.42;;;
13/08/2025;SULFUROS;35.13;33.90;1.02;0.45;9.59;;;
13/08/2025;SULFUROS;32.59;31.45;1.02;0.45;9.59;;;
13/08/2025;SULFUROS;25.69;24.79;1.02;0.45;9.59;;;
13/08/2025;SULFUROS;33.84;32.66;1.02;0.45;9.59;;;
13/08/2025;SULFUROS;36.19;34.92;0.85;0.50;5.65;;;
13/08/2025;SULFUROS;36.54;35.26;0.85;0.50;5.65;;;
13/08/2025;SULFUROS;29.77;28.73;0.85;0.50;5.65;;;
13/08/2025;SULFUROS;36.63;35.35;0.85;0.50;5.65;;;
13/08/2025;SULFUROS;32.53;31.39;0.85;0.50;5.65;;;
14/08/2025;SULFUROS;38.09;36.76;0.85;0.50;5.65;;;
14/08/2025;SULFUROS;34.45;33.24;0.85;0.50;5.65;;;
14/08/2025;SULFUROS;34.31;33.11;0.85;0.50;5.65;;;
14/08/2025;SULFUROS;43.19;41.68;0.85;0.50;5.65;;;
14/08/2025;SULFUROS;31.61;30.50;0.85;0.26;8.97;;;
14/08/2025;SULFUROS;37.75;36.43;0.85;0.26;8.97;;;
14/08/2025;SULFUROS;26.38;25.46;0.85;0.26;8.97;;;
14/08/2025;SULFUROS;31.46;30.36;0.85;0.26;8.97;;;
14/08/2025;SULFUROS;27.99;27.01;0.85;0.26;8.97;;;
14/08/2025;SULFUROS;33.76;32.58;1.42;0.38;49.38;;;
14/08/2025;SULFUROS;31.14;30.05;0.85;0.26;8.97;;;
15/08/2025;SULFUROS;37.77;36.45;0.85;0.26;8.97;;;
15/08/2025;SULFUROS;29.67;28.63;0.85;0.26;8.97;;;
15/08/2025;SULFUROS;39.69;38.30;0.85;0.26;8.97;;;
15/08/2025;SULFUROS;38.94;37.58;0.85;0.26;8.97;;;
15/08/2025;SULFUROS;31.44;30.34;0.96;0.35;10.09;;;
15/08/2025;SULFUROS;38.99;37.63;0.96;0.35;10.09;;;
15/08/2025;SULFUROS;30.70;29.63;0.96;0.35;10.09;;;
15/08/2025;SULFUROS;31.46;30.36;0.87;0.41;37.71;;;
15/08/2025;SULFUROS;35.12;33.89;0.87;0.41;37.71;;;
15/08/2025;SULFUROS;35.24;34.01;0.87;0.41;37.71;;;
15/08/2025;SULFUROS;32.07;30.95;0.96;0.35;10.09;;;
